Country Name,Country Code,Series Name,Series Code,2010 [YR2010],2011 [YR2011],2012 [YR2012],2013 [YR2013],2014 [YR2014],2015 [YR2015],2016 [YR2016],2017 [YR2017]
Afghanistan,AFG,GDP per capita (current US$),NY.GDP.PCAP.CD,543.303041863931,591.162759035926,641.871479157539,637.165523187024,613.856689167623,578.466352941708,547.228110150363,556.30200240406
Afghanistan,AFG,GDP (current US$),NY.GDP.MKTP.CD,15856574731.4411,17804292964.1045,20001598505.7042,20561069558.2152,20484885119.7348,19907111418.9938,19362642266.6484,20191760000.0587
Albania,ALB,GDP per capita (current US$),NY.GDP.PCAP.CD,4094.3503344202,4437.14288515077,4247.62998374252,4413.06086120676,4578.6319939825,3952.80121524465,4124.05572595352,4531.02080555986
Albania,ALB,GDP (current US$),NY.GDP.MKTP.CD,11926928505.5231,12890765324.2256,12319830252.4768,12776217194.7928,13228144008.3428,11386846319.1589,11861200797.4707,13019693450.8816
Algeria,DZA,GDP per capita (current US$),NY.GDP.PCAP.CD,4480.79927130159,5455.85352874953,5592.25709916356,5499.58148704572,5493.02558996263,4177.89251546889,3946.44397689835,4044.27660039876
Algeria,DZA,GDP (current US$),NY.GDP.MKTP.CD,161207754147.286,200019468616.453,209060307470.078,209754763860.68,213808808746.696,165979418301.861,160033844070.572,167389364980.671
American Samoa,ASM,GDP per capita (current US$),NY.GDP.PCAP.CD,10271.2245225485,10294.3022651052,11568.7930012395,11505.3937142139,11507.2323493037,11843.3311832581,11696.9555623329,10823.4448040273
American Samoa,ASM,GDP (current US$),NY.GDP.MKTP.CD,576000000,574000000,644000000,641000000,642000000,661000000,652000000,602000000
Andorra,AND,GDP per capita (current US$),NY.GDP.PCAP.CD,40852.6667774434,43335.3288618283,38686.4612635075,39538.7667220426,41303.9293714464,35762.523073758,37474.6654057245,38962.8803536703
Andorra,AND,GDP (current US$),NY.GDP.MKTP.CD,3449966856.68832,3629203786.19154,3188808942.56713,3193704343.20627,3271808157.30039,2789870187.50693,2896679211.86628,3000180750.11297
Angola,AGO,GDP per capita (current US$),NY.GDP.PCAP.CD,3587.88379824396,4615.46802807906,5100.09580809767,5254.88233799616,5408.41049555432,4166.97968386501,3506.07288506966,4095.81294155857
Angola,AGO,GDP (current US$),NY.GDP.MKTP.CD,83799496611.2004,111789686464.441,128052853643.106,136709862831.194,145712200312.505,116193649124.151,101123851090.455,122123822333.591
Antigua and Barbuda,ATG,GDP per capita (current US$),NY.GDP.PCAP.CD,13049.2570545735,12746.2050243357,13272.4413293826,12909.7441775006,13501.5809223367,14286.0931598293,15197.6174551735,15383.4151884998
Antigua and Barbuda,ATG,GDP (current US$),NY.GDP.MKTP.CD,1148700000,1137637037.03704,1199948148.14815,1181448148.14815,1249733333.33333,1336692592.59259,1436585185.18519,1467977777.77778
Argentina,ARG,GDP per capita (current US$),NY.GDP.PCAP.CD,10385.9644319555,12848.8641969705,13082.664325572,13080.2547323367,12334.7982453893,13789.060424772,12790.2424732447,14591.8633810541
Argentina,ARG,GDP (current US$),NY.GDP.MKTP.CD,423627422092.49,530163281574.658,545982375701.128,552025140252.246,526319673731.638,594749285413.212,557531376217.967,642695864756.35
Armenia,ARM,GDP per capita (current US$),NY.GDP.PCAP.CD,3218.37270660563,3525.80474671153,3681.8574560431,3838.18580148382,3986.23162376713,3607.29669672271,3591.82927553023,3914.5012684128
Armenia,ARM,GDP (current US$),NY.GDP.MKTP.CD,9260284937.79782,10142111334.4961,10619320048.5857,11121465767.4067,11609512939.7543,10553337672.9872,10546135160.031,11527458565.7334
Aruba,ABW,GDP per capita (current US$),NY.GDP.PCAP.CD,23512.6025956397,24985.9932813737,24713.6980451285,26189.4355088129,26647.938100985,27980.8806952751,28281.35048163,29007.6930034887
Aruba,ABW,GDP (current US$),NY.GDP.MKTP.CD,2390502793.29609,2549720670.39106,2534636871.50838,2701675977.65363,2765363128.49162,2919553072.6257,2965921787.7095,3056424581.00559
Australia,AUS,GDP per capita (current US$),NY.GDP.PCAP.CD,52022.1255961876,62517.8337471503,68012.1479005934,68150.1070413215,62510.7911705641,56755.7217124249,49971.131456129,54066.4712686117
Australia,AUS,GDP (current US$),NY.GDP.MKTP.CD,1146138465603.81,1396649906339.35,1546151783872.96,1576184467015.49,1467483705131.74,1351693984524.5,1208846993739.99,1330135756844.41
Austria,AUT,GDP per capita (current US$),NY.GDP.PCAP.CD,46858.0432733717,51374.9584066934,48567.69528642,50716.7087062864,51717.4959405515,44178.0473777432,45237.8050921543,47549.0790402349
Austria,AUT,GDP (current US$),NY.GDP.MKTP.CD,391892746544.69,431120310088.82,409425234155.263,430068712971.867,441996131736.508,381817565893.574,395227684138.862,418316161095.683
Azerbaijan,AZE,GDP per capita (current US$),NY.GDP.PCAP.CD,5842.80578358576,7189.69122920765,7496.29464768263,7875.75695254288,7891.31314749986,5500.31038244408,3880.73873089556,4147.08971569171
Azerbaijan,AZE,GDP (current US$),NY.GDP.MKTP.CD,52902703376.1056,65951627200.2026,69683935845.2138,74164435946.4627,75244294275.1498,53074370486.0433,37867518957.1975,40865558912.3867
"Bahamas, The",BHS,GDP per capita (current US$),NY.GDP.PCAP.CD,28443.4076553352,28006.3797183913,29485.6209294138,28768.0298936727,29445.030528852,31405.9635601781,31588.8349989813,31827.2426989661
"Bahamas, The",BHS,GDP (current US$),NY.GDP.MKTP.CD,10095760000,10070450000,10720500000,10562700000,10913300000,11752300000,11938400000,12150400000
Bahrain,BHR,GDP per capita (current US$),NY.GDP.PCAP.CD,20722.1372891347,22514.2379458146,23654.3513912828,24744.296958551,24989.4001204704,22688.9443998144,22619.1166718849,23709.430467983
Bahrain,BHR,GDP (current US$),NY.GDP.MKTP.CD,25713271276.5957,28776595744.6809,30749308510.6383,32539468085.1064,33387712765.9574,31125851063.8298,32250132978.7234,35423643617.0213
Bangladesh,BGD,GDP per capita (current US$),NY.GDP.PCAP.CD,781.153593557047,861.758444349051,883.105000541313,981.839879150399,1118.8536634927,1248.45339778371,1401.62046644588,1563.91385693051
Bangladesh,BGD,GDP (current US$),NY.GDP.MKTP.CD,115279077465.226,128637938711.386,133355749482.478,149990451022.29,172885454931.453,195078678697.23,221415162445.648,249711052937.012
Barbados,BRB,GDP per capita (current US$),NY.GDP.PCAP.CD,16056.3709766031,16458.3532105715,16249.5593937258,16451.1635759912,16489.0722373387,16525.0732500596,16900.166552366,17391.4258663397
Barbados,BRB,GDP (current US$),NY.GDP.MKTP.CD,4530000000,4657500000,4610000000,4677000000,4696500000,4715000000,4830000000,4978000000
Belarus,BLR,GDP per capita (current US$),NY.GDP.PCAP.CD,6029.3967998293,6519.23019498892,6940.15925359735,7978.87261471076,8318.51268992675,5949.10630699748,5022.62664330491,5761.74712023007
Belarus,BLR,GDP (current US$),NY.GDP.MKTP.CD,57222490768.7143,61757788944.7236,65685102554.8759,75527984234.2342,78813839984.3506,56454734396.5842,47722657820.6675,54726595249.1849
Belgium,BEL,GDP per capita (current US$),NY.GDP.PCAP.CD,44141.8781415734,47348.5250202016,44673.1158755901,46744.6625441516,47700.5403601178,40991.8081381432,41998.335750239,44288.5080403124
Belgium,BEL,GDP (current US$),NY.GDP.MKTP.CD,480951629493.033,522645519183.591,496181260258.3,521642714407.843,534678075827.361,462149679343.822,475900865683.644,503788776542.824
Belize,BLZ,GDP per capita (current US$),NY.GDP.PCAP.CD,4270.86434454699,4423.48979672175,4505.62130177515,4568.50295763852,4705.60268956266,4775.95564827821,4818.40390879479,4887.5772083381
Belize,BLZ,GDP (current US$),NY.GDP.MKTP.CD,1377200000,1460800000,1522900000,1579400000,1662800000,1723800000,1775100000,1836600000
Benin,BEN,GDP per capita (current US$),NY.GDP.PCAP.CD,1036.53395164469,1130.27313181143,1145.14081099947,1251.21051783537,1291.40980818577,1076.79771601166,1087.28783152256,1136.59284704681
Benin,BEN,GDP (current US$),NY.GDP.MKTP.CD,9535344283.47295,10693321953.6355,11141358945.1349,12517845732.2095,13284528654.0574,11388160958.249,11821066152.598,12701656930.6889
Bermuda,BMU,GDP per capita (current US$),NY.GDP.PCAP.CD,88207.3275597322,85973.158416455,85458.455507886,85748.0654143782,..,..,..,..
Bermuda,BMU,GDP (current US$),NY.GDP.MKTP.CD,5744414000,5550771000,5537537000,5573710000,..,..,..,..
Bhutan,BTN,GDP per capita (current US$),NY.GDP.PCAP.CD,2258.18314115595,2563.2575266012,2538.94590031276,2472.71430857435,2652.21458893197,2752.66420790266,2930.56298891838,3286.57470287488
Bhutan,BTN,GDP (current US$),NY.GDP.MKTP.CD,1547991317.81183,1777101316.67756,1781281281.57912,1756215665.09323,1907090813.45907,2003598212.99135,2158972129.00307,2450364928.07302
Bolivia,BOL,GDP per capita (current US$),NY.GDP.PCAP.CD,1955.46155736098,2346.33717022581,2609.88081915425,2908.20008548078,3081.87883446506,3035.97221489277,3076.6589493424,3351.12403975607
Bolivia,BOL,GDP (current US$),NY.GDP.MKTP.CD,19649631450.6819,23963033588.0063,27084497539.7974,30659338784.3705,32996188133.1404,33000198263.3864,33941126193.9219,37508642112.8799
Bosnia and Herzegovina,BIH,GDP per capita (current US$),NY.GDP.PCAP.CD,4635.51777931783,5092.55194328895,4778.63608845506,5131.39450642932,5329.63504488766,4727.27754622207,4994.68314045091,5394.59122017677
Bosnia and Herzegovina,BIH,GDP (current US$),NY.GDP.MKTP.CD,17176781336.7644,18644723860.9709,17226849297.07,18178503835.4491,18558343508.3435,16211541253.1897,16913330693.9653,18080118128.3854
Botswana,BWA,GDP per capita (current US$),NY.GDP.PCAP.CD,6434.81565688465,7617.32509421648,7070.37655030163,7224.96517150786,7780.63838460394,6799.87523352768,7243.85299726842,7893.21010771116
Botswana,BWA,GDP (current US$),NY.GDP.MKTP.CD,12786654365.8738,15351972229.5341,14420393563.5442,14901750764.9811,16250750259.0212,14420604205.7459,15646316818.3319,17405538618.3969
Brazil,BRA,GDP per capita (current US$),NY.GDP.PCAP.CD,11286.2430162457,13245.6124995448,12370.0242007149,12300.3248822758,12112.5882059697,8814.00098681261,8710.09668954121,9925.38623770041
Brazil,BRA,GDP (current US$),NY.GDP.MKTP.CD,2208871646202.82,2616200980392.16,2465188674415.03,2472806919901.67,2455993625159.37,1802214373741.32,1795700168991.49,2062831045935.95
British Virgin Islands,VGB,GDP per capita (current US$),NY.GDP.PCAP.CD,..,..,..,..,..,..,..,..
British Virgin Islands,VGB,GDP (current US$),NY.GDP.MKTP.CD,..,..,..,..,..,..,..,..
Brunei Darussalam,BRN,GDP per capita (current US$),NY.GDP.PCAP.CD,35269.5531076448,47055.8411171808,47740.5149015856,44740.085018517,41726.7839720342,31164.5620291141,27157.8234104784,28572.1467776509
Brunei Darussalam,BRN,GDP (current US$),NY.GDP.MKTP.CD,13707370737.0737,18525319977.7407,19047940300.0687,18093829923.2737,17098342541.4365,12930394937.8137,11400854267.7188,12128104859.1498
Bulgaria,BGR,GDP per capita (current US$),NY.GDP.PCAP.CD,6809.89898414354,7806.34865242499,7393.1891769154,7651.8178806676,7874.26090425646,7053.60370638709,7545.79033249799,8331.0580246026
Bulgaria,BGR,GDP (current US$),NY.GDP.MKTP.CD,50363282117.233,57363610380.3768,54013812089.3561,55591336862.1064,56883172568.1726,50630703922.0132,53785050339.3665,58950125036.0127
Burkina Faso,BFA,GDP per capita (current US$),NY.GDP.PCAP.CD,647.835846453449,751.172957247699,758.000701423857,787.47017629755,792.846778432074,653.32697954543,687.670174974205,738.274158940081
Burkina Faso,BFA,GDP (current US$),NY.GDP.MKTP.CD,10109618964.2848,12080296644.0643,12561016091.4673,13444301139.1384,13943016923.9017,11832159275.603,12822558021.8952,14169905602.3981
Burundi,BDI,GDP per capita (current US$),NY.GDP.PCAP.CD,234.235646874999,249.577979366801,252.358979858344,256.976002796754,274.857947913846,305.549772797441,282.193130404814,292.997630684415
Burundi,BDI,GDP (current US$),NY.GDP.MKTP.CD,2032135246.50004,2235820867.82743,2333308099.46249,2451625332.74584,2705783272.07443,3104394858.11518,2959640987.29943,3172292379.36329
Cabo Verde,CPV,GDP per capita (current US$),NY.GDP.PCAP.CD,3378.25485950035,3740.38909850629,3447.5240412173,3615.97904131099,3588.6740539538,3043.01398430098,3130.96338461412,3292.6457550859
Cabo Verde,CPV,GDP (current US$),NY.GDP.MKTP.CD,1664310769.55229,1865915544.12446,1741809808.96442,1850470042.43281,1859898513.26858,1596800287.16405,1662998677.88425,1769787215.42141
Cambodia,KHM,GDP per capita (current US$),NY.GDP.PCAP.CD,785.502282874113,882.275492640073,950.880345993697,1013.4204006154,1093.49619050796,1162.90491997151,1269.59125737542,1385.2599796333
Cambodia,KHM,GDP (current US$),NY.GDP.MKTP.CD,11242275198.9783,12829541141.0127,14054443213.4639,15227991395.2201,16702610842.4025,18049954289.4229,20016747754.0192,22177200511.5811
Cameroon,CMR,GDP per capita (current US$),NY.GDP.PCAP.CD,1286.51557161767,1405.09439231907,1354.54561274707,1465.63884316769,1542.62026621531,1327.50301711492,1364.33011041997,1425.10781805334
Cameroon,CMR,GDP (current US$),NY.GDP.MKTP.CD,26169323292.5278,29375448542.4466,29102772799.0038,32357345500.9885,34989493826.2179,30928653813.8538,32643697595.8378,35009262788.15
Canada,CAN,GDP per capita (current US$),NY.GDP.PCAP.CD,47448.0132198383,52087.446383568,52678.3901234772,52652.5936828278,50893.4467137547,43585.5119817751,42322.4847803038,45148.5527061655
Canada,CAN,GDP (current US$),NY.GDP.MKTP.CD,1613464422811.13,1788647906047.76,1828689329348.99,1847208522155.34,1803533209844.65,1556129524418.21,1528243213982.08,1649878054226.82
Cayman Islands,CYM,GDP per capita (current US$),NY.GDP.PCAP.CD,73350.7848219067,72328.411640906,72783.320437604,73515.8953177856,74990.4332223775,76280.4862528245,78296.0999272332,81124.5134794821
Cayman Islands,CYM,GDP (current US$),NY.GDP.MKTP.CD,4156935677.4271,4186223808.95236,4291159006.36025,4405954638.18553,4563017880.71523,4708336733.46934,4898908676.34705,5141833913.35653
Central African Republic,CAF,GDP per capita (current US$),NY.GDP.PCAP.CD,488.421401781569,551.750096552583,565.800696971217,380.298167643018,424.448751343631,377.423001679447,402.191290596004,450.900244979058
Central African Republic,CAF,GDP (current US$),NY.GDP.MKTP.CD,2142591375.85053,2437982839.63072,2510126699.05356,1691544192.38242,1894813504.52945,1695825708.45604,1825018190.85071,2072350151.13061
Chad,TCD,GDP per capita (current US$),NY.GDP.PCAP.CD,892.568720336953,984.735891490329,967.352797482929,979.812409638156,1020.28820350586,776.019532308037,693.449386475774,665.94835269506
Chad,TCD,GDP (current US$),NY.GDP.MKTP.CD,10668102734.8132,12172309522.6172,12367363677.6199,12953535495.8781,13940768065.6063,10950392219.9104,10097778353.7651,10000395242.1457
Channel Islands,CHI,GDP per capita (current US$),NY.GDP.PCAP.CD,..,..,..,..,..,..,..,..
Channel Islands,CHI,GDP (current US$),NY.GDP.MKTP.CD,..,..,..,..,..,..,..,..
Chile,CHL,GDP per capita (current US$),NY.GDP.PCAP.CD,12808.034586422,14637.2402355403,15351.5513257697,15842.9408052125,14670.996760602,13574.171830724,13753.5944374598,14999.3700885512
Chile,CHL,GDP (current US$),NY.GDP.MKTP.CD,218537551220.071,252251992029.442,267122320056.702,278384345259.377,260541629960.664,243919085308.936,250440136356.127,277044950259.009
China,CHN,GDP per capita (current US$),NY.GDP.PCAP.CD,4550.45359583857,5618.13249134962,6316.91886335683,7050.64591988963,7678.599431661,8066.94242356745,8147.9381477822,8879.43814888506
China,CHN,GDP (current US$),NY.GDP.MKTP.CD,6087164527421.24,7551500425597.77,8532230724141.76,9570405758739.79,10475682846632.2,11061552790044.2,11233277146512.2,12310408652423.5
Colombia,COL,GDP per capita (current US$),NY.GDP.PCAP.CD,6336.70921367988,7335.11050963648,8050.05841420756,8218.03399561565,8114.08406910545,6175.87613151279,5871.2235753589,6377.85136303665
Colombia,COL,GDP (current US$),NY.GDP.MKTP.CD,286563099757.481,334943877377.471,370921317942.563,382116120909.218,381112110485.384,293481753078.868,282825012368.255,311883730442.045
Comoros,COM,GDP per capita (current US$),NY.GDP.PCAP.CD,1316.49884810552,1447.96358713476,1403.34861983706,1505.34947313614,1513.8303792438,1242.6031895579,1273.05895265459,1323.81158996501
Comoros,COM,GDP (current US$),NY.GDP.MKTP.CD,907978723.547592,1023086183.79822,1015843368.79008,1116224161.07781,1149587651.69395,966029542.038859,1012835518.26037,1077439662.5798
"Congo, Dem. Rep.",COD,GDP per capita (current US$),NY.GDP.PCAP.CD,334.021572573152,387.082465361488,424.600386118518,457.96372825635,486.787081921552,497.316960805476,471.318840409572,467.07423746489
"Congo, Dem. Rep.",COD,GDP (current US$),NY.GDP.MKTP.CD,21565720044.4634,25839749198.8233,29306235826.3886,32679745297.6453,35909040265.9328,37917704900.0794,37134799974.5225,38019265625.8845
"Congo, Rep.",COG,GDP per capita (current US$),NY.GDP.PCAP.CD,2812.43597442108,3286.69453468035,3032.49388349185,3047.93077321007,2996.91802578845,1762.03201773797,1815.29584294039,1767.89452055028
"Congo, Rep.",COG,GDP (current US$),NY.GDP.MKTP.CD,12019594809.3986,14444509755.5727,13677147848.3372,14089855509.0954,14196322768.2912,8556594871.17728,9041986778.39021,9035182061.96536
Costa Rica,CRI,GDP per capita (current US$),NY.GDP.PCAP.CD,8141.91312675461,9121.93251763187,9913.20995852366,10490.0813312933,10547.1518593556,11299.1355423011,11666.4559107759,11814.6265687665
Costa Rica,CRI,GDP (current US$),NY.GDP.MKTP.CD,37268614024.3178,42262697840.385,46473128285.5589,49745088111.6953,50577769837.7462,54775994478.5095,57157992434.1805,58481858042.5721
Cote d'Ivoire,CIV,GDP per capita (current US$),NY.GDP.PCAP.CD,1213.11264506443,1208.58302649782,1243.2734867584,1415.87175770634,1561.46365461434,1972.54610769746,2013.38246179891,2111.02707557541
Cote d'Ivoire,CIV,GDP (current US$),NY.GDP.MKTP.CD,24908781285.4756,25414875503.0784,26789047554.5988,31273074527.6975,35363533865.7272,45814637971.4745,47964234560.0514,51588158717.5348
Croatia,HRV,GDP per capita (current US$),NY.GDP.PCAP.CD,13923.6285837055,14566.6384689953,13238.1019332831,13642.1936643621,13600.194390748,11782.8990799829,12360.4838164919,13412.3382902297
Croatia,HRV,GDP (current US$),NY.GDP.MKTP.CD,59807930156.4205,62354273096.4277,56494367810.1978,58056933513.2956,57642914303.6081,49530641704.2124,51596973258.8892,55319605060.5393
Cuba,CUB,GDP per capita (current US$),NY.GDP.PCAP.CD,5730.35477459488,6139.71932965905,6497.32111313561,6837.71289192677,7133.34209494342,7694.0119195241,8060.79588647979,8541.2106734664
Cuba,CUB,GDP (current US$),NY.GDP.MKTP.CD,64328000000,68990000000,73141000000,77148000000,80656000000,87133000000,91370000000,96851000000
Curacao,CUW,GDP per capita (current US$),NY.GDP.PCAP.CD,..,20146.3864122001,20587.397358013,20462.7179539813,20258.0096948833,19951.3279030441,19555.3658492891,19457.5315232205
Curacao,CUW,GDP (current US$),NY.GDP.MKTP.CD,..,3038699608.93855,3131096089.38547,3147616201.11732,3158406033.51955,3151910782.1229,3122287932.96089,3116610111.73184
Cyprus,CYP,GDP per capita (current US$),NY.GDP.PCAP.CD,31023.6383309791,32396.3857437121,28912.1569390403,27729.1926990735,27129.6261211298,23333.7149112129,24532.5190588269,26338.6943443136
Cyprus,CYP,GDP (current US$),NY.GDP.MKTP.CD,25732432719.0773,27565469097.9955,24978513426.6992,23900872625.8467,23128114786.7676,19779150116.4984,20890936462.2537,22638608224.1301
Czech Republic,CZE,GDP per capita (current US$),NY.GDP.PCAP.CD,19808.0710912518,21717.4579392202,19729.8705111763,19916.0193873722,19744.5586092159,17715.6168523009,18463.3865756564,20379.8960396417
Czech Republic,CZE,GDP (current US$),NY.GDP.MKTP.CD,207477857918.919,227948349666.354,207376427020.815,209402444996.104,207818330723.835,186829940545.759,195090272402.729,215913545038.43
Denmark,DNK,GDP per capita (current US$),NY.GDP.PCAP.CD,58041.3984363385,61753.647131977,58507.5080517852,61191.1937042028,62548.9847332908,53254.8560039631,54663.9983719195,57141.0598350414
Denmark,DNK,GDP (current US$),NY.GDP.MKTP.CD,321995279401.502,344003137611.271,327148943812.137,343584391647.927,352993631617.708,302673068765.972,313115929314.339,329417067127.817
Djibouti,DJI,GDP per capita (current US$),NY.GDP.PCAP.CD,1343.26872994437,1451.54297984389,1559.24065068226,2312.72880330353,2464.32784119361,2658.97875260181,2802.19705115707,2914.38385631251
Djibouti,DJI,GDP (current US$),NY.GDP.MKTP.CD,1128611700.3618,1239144501.77525,1353632941.5207,2042817162.85639,2214681573.56933,2430287967.02678,2603554906.59464,2751461055.59307
Dominica,DMA,GDP per capita (current US$),NY.GDP.PCAP.CD,6967.26665433457,7065.06184677542,6848.3942266793,7016.67647144723,7318.10378289945,7596.43506226258,8080.96862341186,7274.72133332918
Dominica,DMA,GDP (current US$),NY.GDP.MKTP.CD,493825925.925926,501025925.925926,485996296.296296,498296296.296296,520207407.407407,540737037.037037,576229629.629629,519837037.037037
Dominican Republic,DOM,GDP per capita (current US$),NY.GDP.PCAP.CD,5555.38972190199,5913.43207224236,6110.36965247193,6238.13360822241,6608.82810187508,6921.5172283795,7280.88010922762,7609.33879943715
Dominican Republic,DOM,GDP (current US$),NY.GDP.MKTP.CD,53860175555.9961,58029750745.6495,60681537195.7996,62682163837.347,67179914026.9623,71164825256.6849,75704720189.5607,79997975621.8654
Ecuador,ECU,GDP per capita (current US$),NY.GDP.PCAP.CD,4633.59035839904,5200.55579014874,5682.04500655353,6056.3308269681,6377.09153014217,6124.49164262072,6060.09332904415,6213.50127649921
Ecuador,ECU,GDP (current US$),NY.GDP.MKTP.CD,69555367000,79276664000,87924544000,95129659000,101726331000,99290381000,99937696000,104295862000
"Egypt, Arab Rep.",EGY,GDP per capita (current US$),NY.GDP.PCAP.CD,2644.81703909751,2791.95496186249,3232.64889178794,3264.37878715277,3378.83135785555,3598.9709482021,3525.02016450058,2440.51017311107
"Egypt, Arab Rep.",EGY,GDP (current US$),NY.GDP.MKTP.CD,218888324504.753,236001858960.015,279372758361.832,288586231501.877,305529656458.438,332698041030.807,332927833278.038,235369129337.711
El Salvador,SLV,GDP per capita (current US$),NY.GDP.PCAP.CD,2983.24270784904,3266.04587535311,3428.38473639383,3509.53149262616,3589.04219262897,3705.57794598177,3805.99366628473,3910.25719295906
El Salvador,SLV,GDP (current US$),NY.GDP.MKTP.CD,18448000000,20284000000,21386000000,21990970000,22593480000,23438240000,24191440000,24979200000
Equatorial Guinea,GNQ,GDP per capita (current US$),NY.GDP.PCAP.CD,17288.8595992193,21641.8705192127,21711.1532298542,20390.7193153023,19394.0299929972,11283.46560612,9250.33195308226,9667.91225173046
Equatorial Guinea,GNQ,GDP (current US$),NY.GDP.MKTP.CD,16314442183.3477,21357344847.4966,22388345810.2466,21948835350.3425,21765454404.421,13185496836.4124,11240809132.4145,12200914929.5961
Eritrea,ERI,GDP per capita (current US$),NY.GDP.PCAP.CD,501.355633266246,642.507659063694,..,..,..,..,..,..
Eritrea,ERI,GDP (current US$),NY.GDP.MKTP.CD,1589515447.15447,2065001626.01626,..,..,..,..,..,..
Estonia,EST,GDP per capita (current US$),NY.GDP.PCAP.CD,14790.8212220594,17621.5474392795,17534.4215441923,19174.100729108,20367.1026566799,17522.230186252,18237.2958432683,20388.2095530338
Estonia,EST,GDP (current US$),NY.GDP.MKTP.CD,19693608686.6415,23391529311.2497,23192709238.817,25271407238.6622,26773472961.8253,23048864242.6072,23996451497.6139,26859101053.8139
Eswatini,SWZ,GDP per capita (current US$),NY.GDP.PCAP.CD,4168.50517706719,4496.60037883323,4527.66898764161,4230.3440556779,4038.55722839918,3689.51870561216,3447.695698505,3953.08896824132
Eswatini,SWZ,GDP (current US$),NY.GDP.MKTP.CD,4438778547.23269,4820499497.32134,4886658806.33374,4597702903.12892,4422304974.7989,4073390989.81887,3840677845.0034,4446248676.29633
Ethiopia,ETH,GDP per capita (current US$),NY.GDP.PCAP.CD,341.554114905179,354.479575841347,467.077927241718,499.531572059907,566.926466461984,640.541891313682,717.124592933285,768.522307579386
Ethiopia,ETH,GDP (current US$),NY.GDP.MKTP.CD,29933790334.3418,31952763089.33,43310721414.0829,47648211133.2183,55612228233.5179,64589334978.8013,74296618481.0882,81770791970.982
Faroe Islands,FRO,GDP per capita (current US$),NY.GDP.PCAP.CD,48530.2338492813,52083.8891448364,49459.7172338372,54853.6255967876,59440.0307606004,52404.6593331379,55822.9147203438,58622.840815806
Faroe Islands,FRO,GDP (current US$),NY.GDP.MKTP.CD,2320424601.26954,2490807830.57351,2366301251.61847,2627049837.08135,2850743875.2784,2518096285.61661,2689157270.82312,2833300519.46872
Fiji,FJI,GDP per capita (current US$),NY.GDP.PCAP.CD,3652.52743714193,4371.45751012411,4591.55578402956,4840.69371615802,5605.57033080847,5390.74523711745,5651.31806630066,6101.03084255946
Fiji,FJI,GDP (current US$),NY.GDP.MKTP.CD,3140508835.9485,3774530615.65916,3972012570.53467,4190143206.25611,4856963229.83999,4682546863.08162,4930204229.72263,5353404422.08138
Finland,FIN,GDP per capita (current US$),NY.GDP.PCAP.CD,46459.9732548543,51081.9976703127,47710.7902169415,49878.0432444536,50260.2998588958,42784.6983616432,43784.2839622098,46316.7454588326
Finland,FIN,GDP (current US$),NY.GDP.MKTP.CD,249181190476.369,275243697751.011,258304834621.605,271285280621.373,274497230802.958,234440080998.273,240607907010.383,255122545770.778
France,FRA,GDP per capita (current US$),NY.GDP.PCAP.CD,40638.33400426,43790.7320482019,40874.7035053457,42592.9340943342,43011.2631028417,36638.184929157,37037.3741861219,38812.1610341682
France,FRA,GDP (current US$),NY.GDP.MKTP.CD,2642609548930.36,2861408170264.61,2683825225092.63,2811077725703.59,2852165760630.27,2438207896251.84,2471285607081.72,2595151045197.65
French Polynesia,PYF,GDP per capita (current US$),NY.GDP.PCAP.CD,..,..,..,..,..,..,..,..
French Polynesia,PYF,GDP (current US$),NY.GDP.MKTP.CD,..,..,..,..,..,..,..,..
Gabon,GAB,GDP per capita (current US$),NY.GDP.PCAP.CD,8849.35529971507,10809.6464505909,9813.4777028244,9683.57629028674,9663.42923977641,7384.71587003183,6984.45101873395,7230.39639268426
Gabon,GAB,GDP (current US$),NY.GDP.MKTP.CD,14372591916.4792,18210308748.2912,17170465294.0332,17595745653.3676,18203968001.8908,14383107714.0388,14023890620.3384,14929488770.7315
"Gambia, The",GMB,GDP per capita (current US$),NY.GDP.PCAP.CD,860.637873688125,762.761054131159,742.781137796627,700.514971960668,607.428404115004,649.510829417793,683.997653898689,676.655924552125
"Gambia, The",GMB,GDP (current US$),NY.GDP.MKTP.CD,1543292392.54605,1409694553.90934,1415006238.09509,1375608956.10386,1229460601.92174,1354788658.6494,1470006033.90217,1498044491.4304
Georgia,GEO,GDP per capita (current US$),NY.GDP.PCAP.CD,3233.29594347421,4021.74330617286,4421.81824228013,4623.74572473419,4739.18833846421,4014.18594419329,4062.16988757379,4357.00093554628
Georgia,GEO,GDP (current US$),NY.GDP.MKTP.CD,12243505582.6741,15107441446.7833,16488403076.3641,17189551520.9811,17627003454.7205,14953950557.4406,15141758566.7808,16242916915.7203
Germany,DEU,GDP per capita (current US$),NY.GDP.PCAP.CD,41531.9341978689,46644.776027968,43858.3630551076,46285.7640688407,47959.9932737599,41139.5445685533,42098.9204453545,44349.5896552757
Germany,DEU,GDP (current US$),NY.GDP.MKTP.CD,3396354075663.73,3744408602683.94,3527344944139.83,3732743446218.92,3883920155292.26,3360549973888.58,3466790065011.83,3665804120835.3
Ghana,GHA,GDP per capita (current US$),NY.GDP.PCAP.CD,1299.34494946039,1549.46290192946,1587.56123719997,2345.39290574885,1971.03334675411,1743.8509964087,1931.38947036943,2025.93242386751
Ghana,GHA,GDP (current US$),NY.GDP.MKTP.CD,32197272797.2028,39337314809.9434,41270954737.2459,62405374785.5052,53660342159.7735,48564863888.4402,55009730600.0307,58998132329.6173
Gibraltar,GIB,GDP per capita (current US$),NY.GDP.PCAP.CD,..,..,..,..,..,..,..,..
Gibraltar,GIB,GDP (current US$),NY.GDP.MKTP.CD,..,..,..,..,..,..,..,..
Greece,GRC,GDP per capita (current US$),NY.GDP.PCAP.CD,26917.7589787254,25916.2935289351,22242.681934771,21874.8195041667,21760.9797994918,18167.7737169162,18116.4596223336,18930.2185856433
Greece,GRC,GDP (current US$),NY.GDP.MKTP.CD,299361576558.217,287797822093.178,245670666639.047,239862011450.103,237029579260.722,196591353761.226,195222443512.937,203588424288.428
Greenland,GRL,GDP per capita (current US$),NY.GDP.PCAP.CD,43988.3324931946,47186.9814680048,45936.7659516989,47535.5899453685,50484.9275739023,44536.4013080999,48181.874188064,50321.3687543442
Greenland,GRL,GDP (current US$),NY.GDP.MKTP.CD,2503156060.52524,2684467375.71479,2609667673.71601,2684952726.88425,2842048997.77283,2499115623.00272,2707146783.13056,2826651925.66902
Grenada,GRD,GDP per capita (current US$),NY.GDP.PCAP.CD,7257.75662232319,7291.05889664338,7444.5047675973,7789.77638079977,8369.88675513221,9096.87064595412,9628.34748662013,10152.8328118872
Grenada,GRD,GDP (current US$),NY.GDP.MKTP.CD,771013259.259259,778655925.925926,799882259.259259,842620111.111111,911497407.407407,997007925.925926,1061631222.22222,1125685185.18519
Guam,GUM,GDP per capita (current US$),NY.GDP.PCAP.CD,30700.4340081784,30859.4043533803,32494.5623640591,33265.3811866066,34394.0974809957,35278.9259389693,35562.8379083283,35615.8046274371
Guam,GUM,GDP (current US$),NY.GDP.MKTP.CD,4895000000,4928000000,5199000000,5336000000,5538000000,5710000000,5795000000,5851000000
Guatemala,GTM,GDP per capita (current US$),NY.GDP.PCAP.CD,2898.94221470448,3281.66750176033,3408.78491640236,3522.77369775434,3779.64232768084,3994.63691288475,4173.30166619474,4451.45098990197
Guatemala,GTM,GDP (current US$),NY.GDP.MKTP.CD,41338008612.7727,47654783851.8252,50388460924.7345,52996540576.3161,57852399834.4585,62186186575.7433,66053725049.0138,71612352781.0667
Guinea,GIN,GDP per capita (current US$),NY.GDP.PCAP.CD,672.424402562443,651.135363533047,717.050737885584,769.003943268326,787.23807021997,769.256013746016,732.96657072192,856.565269750468
Guinea,GIN,GDP (current US$),NY.GDP.MKTP.CD,6853467857.61127,6785137172.77058,7638045254.42864,8376613843.27265,8778473614.54727,8794202443.67366,8603884845.39159,10336634798.7593
Guinea-Bissau,GNB,GDP per capita (current US$),NY.GDP.PCAP.CD,557.632132626126,702.742880436386,616.411686249548,634.48244599306,622.481716725217,603.158512942404,661.007654906181,736.725566231783
Guinea-Bissau,GNB,GDP (current US$),NY.GDP.MKTP.CD,849050127.504407,1098379391.95039,989327811.785114,1045790132.98518,1053512334.17271,1047808175.00057,1178204501.38801,1346841897.00437
Guyana,GUY,GDP per capita (current US$),NY.GDP.PCAP.CD,3033.24772490536,3425.43644063562,3788.14674878178,3934.86526171904,4031.60066245674,4166.12851559884,4542.62206666493,4586.05457171312
Guyana,GUY,GDP (current US$),NY.GDP.MKTP.CD,2273225041.96217,2576024115.57832,2861562265.88301,2987684170.24434,3077643313.70623,3197220338.98305,3504024213.07506,3555205811.13802
Haiti,HTI,GDP per capita (current US$),NY.GDP.PCAP.CD,665.627419493396,744.217426799623,769.749380959249,815.820015229786,831.873948899917,815.728284410317,735.301770321704,765.727294324274
Haiti,HTI,GDP (current US$),NY.GDP.MKTP.CD,6622541528.56888,7516834160.25277,7890647021.75659,8485077205.26002,8775444941.93681,8724656126.49849,7970649131.23416,8409497402.4589
Honduras,HND,GDP per capita (current US$),NY.GDP.PCAP.CD,1904.34646496881,2088.31530028695,2144.3426111782,2102.59316626494,2206.05193412773,2302.20137936204,2342.58465119568,2453.72789597457
Honduras,HND,GDP (current US$),NY.GDP.MKTP.CD,15839344591.9842,17710315005.9999,18528601901.324,18499710127.8385,19756494434.7031,20979767785.2104,21717622071.3816,23136232229.6069
"Hong Kong SAR, China",HKG,GDP per capita (current US$),NY.GDP.PCAP.CD,32549.998231121,35142.4879344543,36730.8767001128,38403.7777145477,40315.2855640552,42431.8882817277,43731.1068245299,46165.8565115953
"Hong Kong SAR, China",HKG,GDP (current US$),NY.GDP.MKTP.CD,228637697575.04,248513617677.287,262629441493.476,275696879834.966,291459356985.337,309383627028.561,320837638328.846,341244161576.759
Hungary,HUN,GDP per capita (current US$),NY.GDP.PCAP.CD,13113.5259617277,14150.9667263678,12918.2475205388,13687.246101281,14246.109801447,12651.5683423004,12992.375667515,14457.608763614
Hungary,HUN,GDP (current US$),NY.GDP.MKTP.CD,131135561228.374,141109576981.423,128153691809.347,135409048034.154,140558786480.464,124529741437.176,127507473625.632,141510583019.556
Iceland,ISL,GDP per capita (current US$),NY.GDP.PCAP.CD,43024.9234853499,47516.8746858993,45910.0205549899,49522.2365873909,54241.9346550193,52564.4291863302,61466.8039666276,71310.9392535086
Iceland,ISL,GDP (current US$),NY.GDP.MKTP.CD,13683689690.2042,15158548261.0475,14724078152.3141,16033517406.48,17758050018.9682,17389101641.2758,20618363255.7616,24488176539.6549
India,IND,GDP per capita (current US$),NY.GDP.PCAP.CD,1357.56371913262,1458.10352686177,1443.87952939042,1449.6059123387,1573.88149211052,1605.60543355488,1732.56426178428,1981.6510498992
India,IND,GDP (current US$),NY.GDP.MKTP.CD,1675615335600.56,1823050405350.42,1827637859135.7,1856722121394.53,2039127446298.55,2103587817041.78,2294797978291.98,2652754685834.59
Indonesia,IDN,GDP per capita (current US$),NY.GDP.PCAP.CD,3122.36281521649,3643.04393616102,3694.34894603237,3623.91158235134,3491.62479085767,3331.69512758628,3562.84575641971,3837.65173121117
Indonesia,IDN,GDP (current US$),NY.GDP.MKTP.CD,755094160363.071,892969107923.094,917869910105.749,912524136718.018,890814755233.225,860854235065.079,931877364177.742,1015618742565.81
"Iran, Islamic Rep.",IRN,GDP per capita (current US$),NY.GDP.PCAP.CD,6599.66093791004,7781.40611374433,7927.84690171722,6018.32447332471,5585.52675758303,4904.32687747976,5253.42484259991,5520.31078932382
"Iran, Islamic Rep.",IRN,GDP (current US$),NY.GDP.MKTP.CD,486807615326.147,580764902917.439,598868460912.847,460293149324.326,432687036177.818,384951479697.42,417983578231.417,445345282122.682
Iraq,IRQ,GDP per capita (current US$),NY.GDP.PCAP.CD,4657.28042580536,6045.49555071698,6836.0273134631,7076.55460775667,6818.8046210291,4989.80307473071,4776.72649939331,5205.28825481998
Iraq,IRQ,GDP (current US$),NY.GDP.MKTP.CD,138516722649.573,185749664444.444,218000986222.639,234637674957.118,234648370497.427,177498577312.923,174878976033.937,195473049875.127
Ireland,IRL,GDP per capita (current US$),NY.GDP.PCAP.CD,48715.1768553933,51848.9097301621,48917.8975571766,51590.1884453629,55492.982676213,61995.4227789928,63197.0823744196,69822.3471789095
Ireland,IRL,GDP (current US$),NY.GDP.MKTP.CD,222148757313.006,237472361872.56,224999484104.853,238543538776.684,258471885130.304,291499812103.645,300523297712.96,335663113959.724
Isle of Man,IMN,GDP per capita (current US$),NY.GDP.PCAP.CD,69766.5211886388,77351.9588821432,76104.681367227,80431.6727965138,88974.2286497928,81606.2800333934,79155.541672096,80989.1722114502
Isle of Man,IMN,GDP (current US$),NY.GDP.MKTP.CD,5920177688.50433,6566098381.6696,6433357030.0158,6754330154.76004,7428280401.5139,6792417112.29947,6592627599.24386,6770532818.53282
Israel,ISR,GDP per capita (current US$),NY.GDP.PCAP.CD,30693.5930786871,33669.2464692884,32511.2378524925,36309.4688256886,37678.8897743182,35776.7951710172,37321.6240366845,40541.8620907084
Israel,ISR,GDP (current US$),NY.GDP.MKTP.CD,233995676194.679,261468634231.2,257180147032.142,292636164000.637,309558454718.866,299813121212.641,318950599017.506,353253406954.97
Italy,ITA,GDP per capita (current US$),NY.GDP.PCAP.CD,36000.5201179254,38599.0622070322,35053.5262442572,35549.9746972954,35518.4152916749,30230.2263021296,30939.7142462298,32406.7203150134
Italy,ITA,GDP (current US$),NY.GDP.MKTP.CD,2134017843247.16,2291991045770.29,2087077032435.15,2141315327318.21,2159133919743.77,1835899237320.04,1875797463583.87,1961796197354.36
Jamaica,JAM,GDP per capita (current US$),NY.GDP.PCAP.CD,4704.05445468166,5111.471413428,5209.85193130013,4989.17139091154,4833.79031821405,4907.50371974316,4843.33847410864,5069.18383810726
Jamaica,JAM,GDP (current US$),NY.GDP.MKTP.CD,13220556882.7046,14444655299.8772,14807086889.2099,14262589157.7413,13897804560.3487,14187696311.3556,14075894320.3166,14806340821.0871
Japan,JPN,GDP per capita (current US$),NY.GDP.PCAP.CD,44507.6763859172,48167.9972684965,48603.4766497749,40454.4474578903,38109.4121125573,34524.4698609337,38761.8181501925,38386.5111457057
Japan,JPN,GDP (current US$),NY.GDP.MKTP.CD,5700098114744.41,6157459594823.72,6203213121334.12,5155717056270.83,4850413536037.84,4389475622588.97,4922538141454.62,4866864409657.68
Jordan,JOR,GDP per capita (current US$),NY.GDP.PCAP.CD,3690.11326778672,3816.27925808967,3877.33934463778,3998.02747275799,4072.76547535039,4105.44896083238,4103.73359991068,4162.82068657256
Jordan,JOR,GDP (current US$),NY.GDP.MKTP.CD,26795901408.4507,29244647887.324,31371056338.0282,34064873239.4366,36329267605.6338,38043450704.2253,39196676056.338,40708943661.9718
Kazakhstan,KAZ,GDP per capita (current US$),NY.GDP.PCAP.CD,9070.48825285747,11634.0019047654,12386.7000029472,13890.6317716835,12807.2606866152,10510.7718884148,7714.84184376024,9247.58133129626
Kazakhstan,KAZ,GDP (current US$),NY.GDP.MKTP.CD,148047348240.643,192626507971.584,207998568865.789,236634552078.102,221415572819.5,184388432148.715,137278320084.171,166805800595.704
Kenya,KEN,GDP per capita (current US$),NY.GDP.PCAP.CD,951.687961116879,971.63332904823,1136.87140571776,1210.38801408195,1315.80453537238,1336.88334885603,1410.52756809011,1572.33549593781
Kenya,KEN,GDP (current US$),NY.GDP.MKTP.CD,40000088346.8041,41953433591.4101,50412754861.0191,55096728047.9408,61448046801.6041,64007750169.3344,69188755364.2995,78965004656.1823
Kiribati,KIR,GDP per capita (current US$),NY.GDP.PCAP.CD,1516.81186907787,1735.01835782836,1788.50542068887,1715.76533141614,1642.76259749601,1542.5752495838,1584.80744578963,1640.50010436018
Kiribati,KIR,GDP (current US$),NY.GDP.MKTP.CD,156120895.248578,181705002.578649,190243321.598675,185113921.606488,179703443.302686,171117872.436331,178328873.030033,187276210.91355
"Korea, Dem. People’s Rep.",PRK,GDP per capita (current US$),NY.GDP.PCAP.CD,..,..,..,..,..,..,..,..
"Korea, Dem. People’s Rep.",PRK,GDP (current US$),NY.GDP.MKTP.CD,..,..,..,..,..,..,..,..
"Korea, Rep.",KOR,GDP per capita (current US$),NY.GDP.PCAP.CD,23087.2256438476,25096.2638838239,25466.7605170594,27182.7343101935,29249.5752209742,28732.2310762599,29288.8704389833,31616.8434004683
"Korea, Rep.",KOR,GDP (current US$),NY.GDP.MKTP.CD,1144066965324.49,1253223044718.99,1278427634342.59,1370795199976.18,1484318219633.63,1465773245547.15,1500111596236.37,1623901496835.79
Kosovo,XKX,GDP per capita (current US$),NY.GDP.PCAP.CD,3286.55744309904,3741.87505207304,3596.80465465781,3891.26636343866,4080.33071724595,3603.02550073134,3780.00368867233,4045.61420880757
Kosovo,XKX,GDP (current US$),NY.GDP.MKTP.CD,5835874320.56211,6701698218.26281,6499807272.26006,7074777526.896,7396705194.63266,6442915788.30578,6719172016.82533,7245707184.81699
Kuwait,KWT,GDP per capita (current US$),NY.GDP.PCAP.CD,38577.4982788212,48631.691300679,51979.1051680637,49388.1374119381,44062.3170375209,29869.5293908248,27653.0667677649,29759.4364865575
Kuwait,KWT,GDP (current US$),NY.GDP.MKTP.CD,115419399860.433,154068115942.029,174070382279.386,174161142454.161,162631412508.784,114567298105.683,109419728566.7,120707220573.689
Kyrgyz Republic,KGZ,GDP per capita (current US$),NY.GDP.PCAP.CD,880.037775119109,1123.8831680627,1177.97473487848,1282.43716202467,1279.76978265986,1121.08283510739,1120.66651300848,1242.76964282023
Kyrgyz Republic,KGZ,GDP (current US$),NY.GDP.MKTP.CD,4794357795.07139,6197766118.59856,6605139933.41063,7335027591.91628,7468096566.71158,6678178340.45121,6813092065.83507,7702934800.12836
Lao PDR,LAO,GDP per capita (current US$),NY.GDP.PCAP.CD,1140.59920478703,1378.36136494331,1581.39540349425,1825.66511330676,1998.33521471699,2134.71179567796,2308.80048220079,2423.8462031921
Lao PDR,LAO,GDP (current US$),NY.GDP.MKTP.CD,7127792629.58294,8749241114.18913,10191350119.6808,11942230508.334,13268458231.9284,14390442307.3996,15805692545.8723,16853087485.4118
Latvia,LVA,GDP per capita (current US$),NY.GDP.PCAP.CD,11348.4062304673,13832.3911780536,13850.6428153434,15041.1744584981,15740.3267490719,13698.9379476476,14153.4149226916,15586.58189392
Latvia,LVA,GDP (current US$),NY.GDP.MKTP.CD,23803906230.7479,28490700600.9577,28176625841.4665,30272574650.3729,31382780146.4181,27090019662.7977,27734140217.3664,30273007510.3024
Lebanon,LBN,GDP per capita (current US$),NY.GDP.PCAP.CD,7761.6461905722,7674.83535037848,7950.69537825963,7931.08047584526,7686.25602996455,7644.54865718211,7629.89111711952,7801.17865807555
Lebanon,LBN,GDP (current US$),NY.GDP.MKTP.CD,38443907042.3217,39927125961.194,44035991745.6716,46909335135.1244,48134486624.6103,49939374832.7031,51205122503.8143,53140638269.1211
Lesotho,LSO,GDP per capita (current US$),NY.GDP.PCAP.CD,1137.27570186144,1308.69006593273,1253.69620212555,1193.71325665948,1223.33303163915,1152.13982724874,1043.56979182005,1150.07917252047
Lesotho,LSO,GDP (current US$),NY.GDP.MKTP.CD,2269525782.39635,2622336141.14515,2526185310.32097,2421470021.68562,2499803980.17361,2372280099.24153,2165408361.59639,2405289382.35938
Liberia,LBR,GDP per capita (current US$),NY.GDP.PCAP.CD,513.445698620224,596.897081053795,657.936256349955,721.930055405248,721.182794835652,710.383857717515,714.623392230031,698.70176435511
Liberia,LBR,GDP (current US$),NY.GDP.MKTP.CD,1998000000,2398000000,2721000000,3067000000,3144000000,3177000000,3277826000,3285455000
Libya,LBY,GDP per capita (current US$),NY.GDP.PCAP.CD,12064.7806924218,5554.1791642315,13025.2813934413,10363.7894894551,6466.91027014384,4337.91913919348,4035.1943155047,5756.69844996569
Libya,LBY,GDP (current US$),NY.GDP.MKTP.CD,74773444900.5368,34699395523.6073,81873662518.8238,65502870173.7831,41142722414.3351,27842131479.8726,26197143268.1243,37883243650.452
Liechtenstein,LIE,GDP per capita (current US$),NY.GDP.PCAP.CD,141200.380010278,158156.599825792,149010.224898665,173058.317372602,178845.631017897,167290.939983907,165629.190482925,173356.051288416
Liechtenstein,LIE,GDP (current US$),NY.GDP.MKTP.CD,5082366478.08994,5739977477.47748,5456009384.66461,6391735893.83968,6657170923.37918,6268391521.19701,6237264055.20601,6552858738.70214
Lithuania,LTU,GDP per capita (current US$),NY.GDP.PCAP.CD,11957.0842136065,14354.1883792953,14339.2878672896,15702.143059565,16548.4064052386,14249.1149666026,14999.4796391329,16882.6394711995
Lithuania,LTU,GDP (current US$),NY.GDP.MKTP.CD,37034461707.2874,43466133144.1699,42842537129.1154,46442055803.7018,48526000845.3102,41392396557.6337,43021972484.8299,47750908128.259
Luxembourg,LUX,GDP per capita (current US$),NY.GDP.PCAP.CD,104965.306078267,115761.507705096,106749.013622989,113625.13289956,118823.648368575,101376.496574339,104278.390971905,107627.151006695
Luxembourg,LUX,GDP (current US$),NY.GDP.MKTP.CD,53212476812.2957,60004630234.4135,56677961787.0717,61739352212.3049,66103853236.7572,57744457954.7297,60691483443.1221,64181944722.7283
"Macao SAR, China",MAC,GDP per capita (current US$),NY.GDP.PCAP.CD,52253.1553117325,66644.3853449773,76291.8474900231,89287.4540184115,93777.1067959425,75340.9869811152,74061.0860345658,81516.6749248075
"Macao SAR, China",MAC,GDP (current US$),NY.GDP.MKTP.CD,28123640998.7253,36709860068.3445,43031577366.4251,51552075901.5183,55347998647.8196,45361678146.5247,45387299721.0792,50751059058.0613
Madagascar,MDG,GDP per capita (current US$),NY.GDP.PCAP.CD,471.959197029823,531.265571840383,518.15295430212,541.066199955123,530.861345678745,467.235399432808,475.955417183065,515.29272487784
Madagascar,MDG,GDP (current US$),NY.GDP.MKTP.CD,9982711030.26388,11551821062.3334,11578978052.8789,12423557906.9182,12522959157.2295,11323023786.5698,11848615018.4138,13176313233.1978
Malawi,MWI,GDP per capita (current US$),NY.GDP.PCAP.CD,478.668589704525,534.951264721663,391.561832360636,348.430269640572,371.269749625713,380.597033140938,315.777326372575,356.717573153369
Malawi,MWI,GDP (current US$),NY.GDP.MKTP.CD,6959655570.89098,8004000737.30717,6028487928.83351,5518880768.57955,6047813437.31804,6373212640.84604,5433040159.88747,6303292264.18905
Malaysia,MYS,GDP per capita (current US$),NY.GDP.PCAP.CD,9040.56625117172,10399.372753345,10817.4428742856,10970.1232849014,11319.0797572756,9955.24212653611,9817.74086096214,10254.2340242588
Malaysia,MYS,GDP (current US$),NY.GDP.MKTP.CD,255016609232.871,297951960784.314,314443149443.149,323277158906.979,338061963396.376,301354756113.174,301255454041.415,318958236443.122
Maldives,MDV,GDP per capita (current US$),NY.GDP.PCAP.CD,7076.66242320238,7291.42764039704,7265.61365556669,7928.45736514824,8499.36576172668,9033.3904129872,9209.28862477108,9540.63434888323
Maldives,MDV,GDP (current US$),NY.GDP.MKTP.CD,2588176054.6875,2774351760.03287,2886170571.69634,3295011381.75405,3697351596.83753,4109424799.72407,4379136461.83077,4735989972.05433
Mali,MLI,GDP per capita (current US$),NY.GDP.PCAP.CD,710.274202175837,837.603440597371,778.619285773713,805.032838043922,848.302757966684,751.478668644525,780.387870004561,830.557408816505
Mali,MLI,GDP (current US$),NY.GDP.MKTP.CD,10689167195.3375,12995074801.061,12441946098.4018,13242680701.3566,14365345530.0146,13104869674.2274,14020002871.0282,15375605991.6302
Malta,MLT,GDP per capita (current US$),NY.GDP.PCAP.CD,21107.3644349639,22858.5860907173,21916.4115923962,23837.279991256,26008.8277215807,24002.5232912389,25133.0456471795,27239.0701049375
Malta,MLT,GDP (current US$),NY.GDP.MKTP.CD,8749171417.20801,9515297914.81069,9205506528.33098,10153894646.0353,11302344157.0347,10682394998.3357,11444483133.7171,12747857570.0407
Marshall Islands,MHL,GDP per capita (current US$),NY.GDP.PCAP.CD,2876.994996984,3083.83187985353,3224.33838179029,3296.69816291405,3230.02326028787,3213.83728825363,3473.77500649519,3666.69537359193
Marshall Islands,MHL,GDP (current US$),NY.GDP.MKTP.CD,162164700,174332100,182874800,187707400,184689500,184599600,200558400,212881000
Mauritania,MRT,GDP per capita (current US$),NY.GDP.PCAP.CD,1610.92390847611,1879.77142715638,1815.21942921145,1892.09548717758,1677.10816613189,1524.07288252212,1536.85414964338,1578.11417355949
Mauritania,MRT,GDP (current US$),NY.GDP.MKTP.CD,5628882266.37767,6764635686.79345,6728208836.22143,7223063169.72749,6592537781.81518,6166857628.62212,6398744505.08129,6758390728.71734
Mauritius,MUS,GDP per capita (current US$),NY.GDP.PCAP.CD,8000.37643182154,9197.02697152061,9291.22761861899,9637.00265000958,10153.9382184867,9260.44730250635,9681.61856689674,10484.9083620411
Mauritius,MUS,GDP (current US$),NY.GDP.MKTP.CD,10003670690.3497,11518393367.2403,11668685524.1265,12129642296.4425,12803445933.5894,11692287066.381,12232463655.5727,13259351418.4459
Mexico,MEX,GDP per capita (current US$),NY.GDP.PCAP.CD,9271.39823324639,10203.4208543113,10241.7279153745,10725.1833166036,10922.3760488647,9605.95235103139,8739.75604280929,9278.41816833763
Mexico,MEX,GDP (current US$),NY.GDP.MKTP.CD,1057801295584.05,1180489601957.61,1201089987015.45,1274443084716.57,1314563967425.24,1170564619927.69,1077903618176.07,1157736189998.15
"Micronesia, Fed. Sts.",FSM,GDP per capita (current US$),NY.GDP.PCAP.CD,2885.44567636113,3009.19864668922,3131.38671463839,2994.67930442007,2971.45729017367,2906.37678497635,3014.70035839042,3289.70114571277
"Micronesia, Fed. Sts.",FSM,GDP (current US$),NY.GDP.MKTP.CD,296944100,311301600,327248700,317214400,319271200,316489900,332265200,366666800
Moldova,MDA,GDP per capita (current US$),NY.GDP.PCAP.CD,2437.52997842423,2942.25594861529,3045.73987422417,3322.0384362615,3328.80144892125,2732.45711293733,2880.43928129296,3509.69345025814
Moldova,MDA,GDP (current US$),NY.GDP.MKTP.CD,6974960345.3712,8414360656.29632,8709165249.26928,9496684701.43325,9510219299.49557,7745231660.33425,8071480540.86068,9669759987.02633
Monaco,MCO,GDP per capita (current US$),NY.GDP.PCAP.CD,150725.194124207,169020.88783177,157515.899069445,177664.115616089,189422.21876884,166011.50913116,170028.655717864,167517.059727856
Monaco,MCO,GDP (current US$),NY.GDP.MKTP.CD,5367625613.15127,6088808463.25167,5743029680.07195,6555983530.34932,7069616048.89066,6261622101.40908,6472990923.1791,6431314957.07185
Mongolia,MNG,GDP per capita (current US$),NY.GDP.PCAP.CD,2643.29291416763,3757.5586328813,4351.8869200565,4366.07590145025,4158.52571473091,3918.57917389554,3660.15074616061,3669.4175403988
Mongolia,MNG,GDP (current US$),NY.GDP.MKTP.CD,7189481824.07288,10409797649.3063,12292770631.1967,12582122604.1921,12226514722.0861,11749620619.5962,11186734674.3847,11425755279.5254
Montenegro,MNE,GDP per capita (current US$),NY.GDP.PCAP.CD,6682.28115774575,7318.74469026724,6586.7212793222,7189.29328653737,7388.14779373126,6517.16375162528,7033.60489868635,7803.41113682269
Montenegro,MNE,GDP (current US$),NY.GDP.MKTP.CD,4139192052.98013,4538199888.79622,4087725812.66864,4466039314.65002,4594024179.62003,4054712082.54743,4377033429.26721,4856632399.45775
Morocco,MAR,GDP per capita (current US$),NY.GDP.PCAP.CD,2839.92516805933,3046.94913644957,2912.65827494029,3121.68117550498,3171.69919227376,2875.25798516781,2896.72000268117,3036.32525487301
Morocco,MAR,GDP (current US$),NY.GDP.MKTP.CD,93216746661.5977,101370474295.109,98266306615.3632,106825649872.108,110081248587.369,101179808076.36,103311649248.024,109714300453.983
Mozambique,MOZ,GDP per capita (current US$),NY.GDP.PCAP.CD,471.181692645893,594.586466669704,657.645337819668,664.078211827767,673.969955508106,589.859028149831,428.926487995524,461.415094120589
Mozambique,MOZ,GDP (current US$),NY.GDP.MKTP.CD,11087646867.9421,14381552432.9494,16350804543.0515,16974320551.0213,17716084107.5888,15950969018.9458,11936999283.1791,13219084261.3664
Myanmar,MMR,GDP per capita (current US$),NY.GDP.PCAP.CD,979.051630004942,1176.24245336109,1165.79432896131,1162.33144011893,1251.82076450814,1287.43048657119,1266.54633814868,1291.54241301307
Myanmar,MMR,GDP (current US$),NY.GDP.MKTP.CD,49540813342.4834,59977326085.9908,59937797559.3295,60269734044.526,65446199787.8425,67822772707.1034,67184236746.5694,68945867477.6054
Namibia,NAM,GDP per capita (current US$),NY.GDP.PCAP.CD,5318.00693967195,5723.32549028316,5942.27378751117,5377.72732693011,5435.17191125163,4869.37840629792,4523.09126977999,5303.30913333229
Namibia,NAM,GDP (current US$),NY.GDP.MKTP.CD,11268186636.2905,12343501808.2192,13042007432.4489,12011207761.9717,12356482878.1968,11272143550.2527,10665634660.8833,12741746433.6716
Nauru,NRU,GDP per capita (current US$),NY.GDP.PCAP.CD,4754.0750016078,6568.10258231227,9429.63337725871,9101.91698033437,8829.35671886048,6956.25380055393,7670.11640425255,8510.86840824456
Nauru,NRU,GDP (current US$),NY.GDP.MKTP.CD,47564520.3910861,66055407.6703145,96927201.4848422,98491843.6441982,104654365.188653,86779266.1619103,100087348.959092,109585941.624557
Nepal,NPL,GDP per capita (current US$),NY.GDP.PCAP.CD,592.401097450929,699.429337677581,698.466479416086,715.923743046061,743.413381296219,792.552890593381,777.147595512165,911.444266521258
Nepal,NPL,GDP (current US$),NY.GDP.MKTP.CD,16002656434.4746,18913574370.76,18851513891.066,19271168018.482,20002968837.9471,21410840908.5198,21185922407.5922,25180583770.2719
Netherlands,NLD,GDP per capita (current US$),NY.GDP.PCAP.CD,50950.0343435181,54159.3466126142,50073.0056559308,52184.0618504931,52830.1742328055,45175.2318933798,46007.8529206547,48675.2223350213
Netherlands,NLD,GDP (current US$),NY.GDP.MKTP.CD,846554894931.084,904085980796.018,838971306990.906,876923518850.405,890981311077.658,765264949780.999,783528181704.567,833869641687.06
New Caledonia,NCL,GDP per capita (current US$),NY.GDP.PCAP.CD,..,..,..,..,..,..,..,..
New Caledonia,NCL,GDP (current US$),NY.GDP.MKTP.CD,..,..,..,..,..,..,..,..
New Zealand,NZL,GDP per capita (current US$),NY.GDP.PCAP.CD,33700.126039246,38437.543157275,39982.7543013783,42962.9882149803,44553.2822108385,38615.9951849093,40105.6133867135,42849.426324701
New Zealand,NZL,GDP (current US$),NY.GDP.MKTP.CD,146619138358.948,168510189201.494,176247979235.906,190845889949.764,200921936786.219,177467529071.288,188223664746.524,205415864857.984
Nicaragua,NIC,GDP per capita (current US$),NY.GDP.PCAP.CD,1503.87042323136,1655.80182373144,1760.45438654986,1811.63919333528,1934.06950834664,2049.84968976149,2107.56717992428,2159.16307935984
Nicaragua,NIC,GDP (current US$),NY.GDP.MKTP.CD,8758639096.47693,9774262741.75783,10531964139.3486,10982979274.1922,11880472593.2147,12756706583.3113,13286048705.496,13785943183.0661
Niger,NER,GDP per capita (current US$),NY.GDP.PCAP.CD,473.299877491723,508.396568098584,526.35096555995,548.892954823143,562.121844645643,483.339282202639,494.718713458115,516.888247180949
Niger,NER,GDP (current US$),NY.GDP.MKTP.CD,7792421015.52066,8701085756.22749,9366515965.17374,10156855203.7509,10815312544.1118,9667589437.27909,10284627189.6492,11166063886.8555
Nigeria,NGA,GDP per capita (current US$),NY.GDP.PCAP.CD,2292.44515619082,2520.40416579378,2746.99178858383,2998.07284264118,3222.69353725587,2730.4303237015,2175.99967021858,1968.55958830544
Nigeria,NGA,GDP (current US$),NY.GDP.MKTP.CD,363359886203.409,410334579160.752,459376049763.999,514966287334.277,568498937615.656,494583180777.103,404649527537.753,375745486520.656
North Macedonia,MKD,GDP per capita (current US$),NY.GDP.PCAP.CD,4542.89971678317,5063.78698606358,4698.14129350594,5210.67583028154,5468.48086914212,4840.27312286783,5129.15896023703,5430.87421029797
North Macedonia,MKD,GDP (current US$),NY.GDP.MKTP.CD,9407168702.4313,10494632699.3859,9745251126.0109,10817712138.9451,11362272837.8818,10064515432.0265,10672471860.7184,11307058382.3435
Northern Mariana Islands,MNP,GDP per capita (current US$),NY.GDP.PCAP.CD,14804.2467250931,13571.0582833444,13827.7696967465,14274.2406542056,15278.9078745141,16690.5700968089,22246.7430768136,28305.222587603
Northern Mariana Islands,MNP,GDP (current US$),NY.GDP.MKTP.CD,799000000,733000000,751000000,782000000,845000000,931000000,1250000000,1601000000
Norway,NOR,GDP per capita (current US$),NY.GDP.PCAP.CD,87693.7900658099,100600.562407589,101524.141851985,102913.450843674,97019.1827527462,74355.5158575643,70459.1825041029,75496.7540581998
Norway,NOR,GDP (current US$),NY.GDP.MKTP.CD,428757038466.841,498283438454.281,509506317146.541,522761531914.894,498410050251.256,385801550067.169,368819929542.194,398393955268.99
Oman,OMN,GDP per capita (current US$),NY.GDP.PCAP.CD,18756.979252001,20921.1459820841,21902.5813563661,20926.5540495711,20131.9167222582,16028.7513645532,14618.8753761098,15130.9437443942
Oman,OMN,GDP (current US$),NY.GDP.MKTP.CD,57048114434.3303,68016905071.5215,76615864759.4278,78784395318.5956,81076462938.8817,68400260078.0234,65481144343.303,70600000000
Pakistan,PAK,GDP per capita (current US$),NY.GDP.PCAP.CD,987.409723043923,1164.97612914872,1198.10900052752,1208.90431029644,1251.16410422834,1356.66775582649,1368.45432627629,1464.99330546855
Pakistan,PAK,GDP (current US$),NY.GDP.MKTP.CD,177165635077.065,213587413183.996,224383620829.57,231218567178.979,244360888750.807,270556131701.171,278654637737.69,304567253219.097
Palau,PLW,GDP per capita (current US$),NY.GDP.PCAP.CD,10219.9275967697,10884.4125105664,11967.3072562358,12688.1972054981,13794.7917848633,15871.8426266629,16932.3328631876,16078.2681940701
Palau,PLW,GDP (current US$),NY.GDP.MKTP.CD,183498800,193143900,211103300,223388400,243147000,280376100,300125600,286321800
Panama,PAN,GDP per capita (current US$),NY.GDP.PCAP.CD,8082.02845866252,9358.25147451101,10722.2836326295,11889.1276274385,12796.0700430496,13630.3079737945,14343.9636291397,15150.345612161
Panama,PAN,GDP (current US$),NY.GDP.MKTP.CD,29440300000,34686200000,40429700000,45600000000,49921500000,54091700000,57907700000,62219000000
Papua New Guinea,PNG,GDP per capita (current US$),NY.GDP.PCAP.CD,1949.35251838561,2406.90967879579,2790.67666914736,2729.89190578265,2920.78372080202,2679.34558781427,2509.6314572831,2695.2518833116
Papua New Guinea,PNG,GDP (current US$),NY.GDP.MKTP.CD,14250755231.1257,17984910501.8979,21295659243.6168,21261432791.2675,23210682538.3928,21723531173.2409,20759069103.0961,22742613553.6879
Paraguay,PRY,GDP per capita (current US$),NY.GDP.PCAP.CD,4355.93493867734,5322.96375987671,5183.08287691315,5926.83286284344,6102.94323272326,5406.70385708338,5319.41021789703,5680.58076826353
Paraguay,PRY,GDP (current US$),NY.GDP.MKTP.CD,27215968615.5548,33715524703.9288,33283228891.0923,38585317742.981,40276532540.8812,36164068797.2511,36054281572.3981,39008900331.6733
Peru,PER,GDP per capita (current US$),NY.GDP.PCAP.CD,5082.35475666351,5869.32307961474,6528.97221785312,6756.75276926556,6672.8802554854,6229.10169612596,6204.99726003927,6710.50802896038
Peru,PER,GDP (current US$),NY.GDP.MKTP.CD,147528937028.778,171761737046.585,192648999090.082,201175469114.327,200789362451.567,189805300841.603,191895943823.887,211007207483.515
Philippines,PHL,GDP per capita (current US$),NY.GDP.PCAP.CD,2217.47400856616,2450.73365615789,2694.30547297894,2871.43090178415,2959.64845212051,3001.04037106857,3073.65361496958,3123.23422944951
Philippines,PHL,GDP (current US$),NY.GDP.MKTP.CD,208368892318.654,234216730703.492,261920542606.121,283902829720.159,297483553299.475,306445871631.483,318627003965.493,328480738147.729
Poland,POL,GDP per capita (current US$),NY.GDP.PCAP.CD,12599.5335818707,13893.509259001,13145.5392627865,13781.0626053813,14347.9145754456,12572.4266045561,12431.8158916231,13861.3093648235
Poland,POL,GDP (current US$),NY.GDP.MKTP.CD,479321460551.189,528832185770.217,500360816827.883,524234322596.975,545389126644.476,477581376840.43,472037130972.913,526380811261.345
Portugal,PRT,GDP per capita (current US$),NY.GDP.PCAP.CD,22498.6908586557,23186.9131283278,20564.8898617969,21647.0418118869,22074.3007634216,19242.3664710981,19978.401214968,21490.429863104
Portugal,PRT,GDP (current US$),NY.GDP.MKTP.CD,237880908317.652,244797226567.109,216236608773.976,226369502104.236,229596170846.995,199313894327.486,206286022781.894,221357874718.93
Puerto Rico,PRI,GDP per capita (current US$),NY.GDP.PCAP.CD,26435.74878578,27278.8830499205,27944.7338937424,28513.1657351067,28981.4573305866,29763.4883013861,30627.1634017011,31108.7527508912
Puerto Rico,PRI,GDP (current US$),NY.GDP.MKTP.CD,98381300000,100351700000,101564800000,102450000000,102445800000,103375500000,104336700000,103445500000
Qatar,QAT,GDP per capita (current US$),NY.GDP.PCAP.CD,67403.1602978106,82409.5803345471,85076.1479273998,85050.9109716822,83858.5283798723,63039.0165548075,57163.0609918357,61264.3964777979
Qatar,QAT,GDP (current US$),NY.GDP.MKTP.CD,125122306346.154,167775274725.275,186833516483.516,198727747252.747,206224725274.725,161739835164.835,151732142857.143,166928571428.571
Romania,ROU,GDP per capita (current US$),NY.GDP.PCAP.CD,8209.9194562169,9104.99562203019,8535.0468756267,9555.2442173314,10026.9735781794,8977.43738227167,9567.12934484744,10807.7953907179
Romania,ROU,GDP (current US$),NY.GDP.MKTP.CD,166225180150.414,183443154234.731,171196268957.961,190949066979.176,199626806401.529,177893451831.141,188494136775.719,211695422578.655
Russian Federation,RUS,GDP per capita (current US$),NY.GDP.PCAP.CD,10674.9957825675,14311.0843159612,15420.8745413273,15974.6446270517,14095.648742954,9313.01362484996,8704.89841329594,10720.3325853448
Russian Federation,RUS,GDP (current US$),NY.GDP.MKTP.CD,1524917468442.01,2045925608274.37,2208295773643.15,2292473246621.08,2059241965490.83,1363481063446.77,1276786979221.81,1574199387070.9
Rwanda,RWA,GDP per capita (current US$),NY.GDP.PCAP.CD,612.343699051263,671.509939994776,728.697297125371,726.180156859823,747.000511564279,754.906789007641,748.504418148739,772.318471775428
Rwanda,RWA,GDP (current US$),NY.GDP.MKTP.CD,6147525366.94591,6912074082.15636,7687521844.14299,7851127991.63672,8279481014.99175,8582588882.60989,8734161827.57353,9253098954.27769
Samoa,WSM,GDP per capita (current US$),NY.GDP.PCAP.CD,3566.36237812576,3933.45935710691,4022.19911964814,4037.50931467981,3937.75871176418,4073.66600980642,4109.16513496372,4258.48626965259
Samoa,WSM,GDP (current US$),NY.GDP.MKTP.CD,663161517.850106,737401692.217475,760549587.136028,770021663.967789,756919917.334022,788307330.55567,799376439.530168,831903809.749172
San Marino,SMR,GDP per capita (current US$),NY.GDP.PCAP.CD,60239.3407070333,57286.6550002958,49985.349570181,51572.5681707239,50806.5343783866,42650.3172583365,43842.3855205602,45394.2010273704
San Marino,SMR,GDP (current US$),NY.GDP.MKTP.CD,1881214370.93994,1813752783.96437,1604779647.95066,1678841811.66158,1673973694.69908,1419061355.81937,1468895284.48085,1528468142.79259
Sao Tome and Principe,STP,GDP per capita (current US$),NY.GDP.PCAP.CD,1094.71071732287,1263.86802227704,1340.52770210677,1577.01827831712,1782.79805936252,1595.86463222251,1710.13089783903,1811.0128258881
Sao Tome and Principe,STP,GDP (current US$),NY.GDP.MKTP.CD,197454066.794244,233213982.942648,252560781.187724,302924710.0271,348941715.764849,318266475.3334,347544771.975132,375040835.10034
Saudi Arabia,SAU,GDP per capita (current US$),NY.GDP.PCAP.CD,19262.5476811757,23745.8016143404,25243.3586984024,24844.7443709487,24463.9031638501,20627.9327820675,19879.2975304177,20803.7425657324
Saudi Arabia,SAU,GDP (current US$),NY.GDP.MKTP.CD,528207200000,671238840106.667,735974843360,746647127413.333,756350347333.334,654269902880,644935541440,688586133333.333
Senegal,SEN,GDP per capita (current US$),NY.GDP.PCAP.CD,1280.22546972155,1373.52078902067,1329.98137880303,1376.06981577192,1396.65822533925,1219.24866243037,1269.90210810516,1361.69958778497
Senegal,SEN,GDP (current US$),NY.GDP.MKTP.CD,16230887978.4994,17902207621.6248,17824398468.8858,18965572150.2913,19797254643.1212,17774766636.0459,19040312815.1337,20996564751.5994
Serbia,SRB,GDP per capita (current US$),NY.GDP.PCAP.CD,5735.42285659849,6809.15980400146,6015.94522756969,6755.07351070594,6600.0566499116,5585.1178082606,5756.38119351044,6284.19280376523
Serbia,SRB,GDP (current US$),NY.GDP.MKTP.CD,41819468691.8251,49258136128.9672,43309252921.0567,48394238300.4008,47062205546.5,39628549949.7295,40630392018.541,44120425319.8576
Seychelles,SYC,GDP per capita (current US$),NY.GDP.PCAP.CD,10804.6844747547,12189.0951601357,12006.68296237,14765.6739800428,14700.3343006837,14745.3414415607,15068.620324642,15906.0839204787
Seychelles,SYC,GDP (current US$),NY.GDP.MKTP.CD,969936525.298729,1065826669.89742,1060226125.62616,1328157608.83087,1343007841.37616,1377495052.12916,1426651766.47613,1524486801.19044
Sierra Leone,SLE,GDP per capita (current US$),NY.GDP.PCAP.CD,401.835001366837,448.337525527861,566.378656937493,716.835304734774,714.700712388696,588.228452702849,501.415712857832,499.38070781976
Sierra Leone,SLE,GDP (current US$),NY.GDP.MKTP.CD,2578026297.15912,2942546781.04548,3801862611.36414,4920343194.99339,5015157815.73406,4218723875.1379,3674794530.18956,3739577973.23943
Singapore,SGP,GDP per capita (current US$),NY.GDP.PCAP.CD,47236.9602345421,53890.4287270504,55546.4885386921,56967.4257940383,57562.5307937678,55646.6187469505,56828.2953471601,60913.745333494
Singapore,SGP,GDP (current US$),NY.GDP.MKTP.CD,239809387605.427,279351168707.267,295087220933.024,307576360584.992,314851156183.411,308004146057.608,318652334419.11,341863349989.138
Sint Maarten (Dutch part),SXM,GDP per capita (current US$),NY.GDP.PCAP.CD,..,..,..,..,..,..,..,..
Sint Maarten (Dutch part),SXM,GDP (current US$),NY.GDP.MKTP.CD,..,..,..,..,..,..,..,..
Slovak Republic,SVK,GDP per capita (current US$),NY.GDP.PCAP.CD,16727.2913264619,18338.3622288437,17460.0468093549,18236.9807888867,18670.9301711227,16309.073235592,16505.9750465561,17554.3083210444
Slovak Republic,SVK,GDP (current US$),NY.GDP.MKTP.CD,90183986821.6439,98997521242.3941,94416582465.2848,98723944143.6938,101171217100.824,88457167724.277,89640616270.8866,95481955557.6908
Slovenia,SVN,GDP per capita (current US$),NY.GDP.PCAP.CD,23509.5433941493,25095.1326282071,22643.1002515007,23496.6023059673,24214.9220717273,20881.7667686947,21622.580683576,23500.7522308704
Slovenia,SVN,GDP (current US$),NY.GDP.MKTP.CD,48161250935.0166,51516367349.8866,46580457470.2769,48401896409.9842,49930685013.4603,43090173061.9713,44651537259.9731,48561672400.8437
Solomon Islands,SLB,GDP per capita (current US$),NY.GDP.PCAP.CD,1290.39878585913,1722.41812107591,1913.23201256373,1977.45140452319,1996.78118438995,1914.46792975705,1986.41623627442,2059.04542370076
Solomon Islands,SLB,GDP (current US$),NY.GDP.MKTP.CD,681151193.502387,932725583.343148,1063879445.83424,1129787198.20326,1172268300.95047,1154650068.85921,1230459714.14912,1309631133.19979
Somalia,SOM,GDP per capita (current US$),NY.GDP.PCAP.CD,..,..,..,..,..,..,..,..
Somalia,SOM,GDP (current US$),NY.GDP.MKTP.CD,..,..,..,..,..,..,..,..
South Africa,ZAF,GDP per capita (current US$),NY.GDP.PCAP.CD,7328.61562893966,8007.41284634441,7501.4699839525,6832.45689096701,6433.18727662894,5734.63362915331,5272.91842475419,6132.4798409721
South Africa,ZAF,GDP (current US$),NY.GDP.MKTP.CD,375349442837.24,416418874936.304,396332702639.496,366829390478.954,350904575292.317,317620522794.827,296357282715.109,349554116683.818
South Sudan,SSD,GDP per capita (current US$),NY.GDP.PCAP.CD,1535.70818396841,1516.40391483427,1179.73982772896,1779.4693342398,1322.8202385055,1119.65133267823,..,..
South Sudan,SSD,GDP (current US$),NY.GDP.MKTP.CD,14602072410.9506,14907308932.7534,11931472169.4915,18426469016.9492,13962212847.4576,11997800760.2242,..,..
Spain,ESP,GDP per capita (current US$),NY.GDP.PCAP.CD,30502.7197080776,31636.4463142558,28324.4293363918,29059.5479522321,29461.5503337389,25732.0183647454,26505.3432155204,28170.4345659807
Spain,ESP,GDP (current US$),NY.GDP.MKTP.CD,1420722034063,1478772824224.03,1324820091194.67,1354757433212.72,1369398844599.58,1195119269971.52,1232076017361.53,1312551705955.3
Sri Lanka,LKA,GDP per capita (current US$),NY.GDP.PCAP.CD,2799.64887619972,3200.83382914016,3350.52187589289,3610.28936304898,3819.25352972265,3843.78067184442,3886.29150165239,4077.04372120747
Sri Lanka,LKA,GDP (current US$),NY.GDP.MKTP.CD,56725749221.9043,65292753005.4664,68434409315.1123,74317806538.3632,79356449840.5771,80604080688.5775,82401038709.5356,87428125557.573
St. Kitts and Nevis,KNA,GDP per capita (current US$),NY.GDP.PCAP.CD,15508.7681119997,16538.1714353341,16044.7054788266,16684.9530184254,18052.0359647472,18029.3255386512,18811.8733745852,19155.2894041125
St. Kitts and Nevis,KNA,GDP (current US$),NY.GDP.MKTP.CD,760177777.777778,817762962.962963,800422222.222222,839770370.37037,916574074.074074,923155555.555555,971162962.962963,996937037.037037
St. Lucia,LCA,GDP per capita (current US$),NY.GDP.PCAP.CD,8540.41437824647,8983.4366734688,9086.79946207544,9378.56236298604,9843.91581872176,10093.8997626748,10361.8141037985,11047.4449858109
St. Lucia,LCA,GDP (current US$),NY.GDP.MKTP.CD,1486758037.03704,1576988407.40741,1605146777.77778,1664816740.74074,1755130814.81481,1808079888.88889,1865375222.22222,1999090407.40741
St. Martin (French part),MAF,GDP per capita (current US$),NY.GDP.PCAP.CD,..,..,..,..,..,..,..,..
St. Martin (French part),MAF,GDP (current US$),NY.GDP.MKTP.CD,..,..,..,..,..,..,..,..
St. Vincent and the Grenadines,VCT,GDP per capita (current US$),NY.GDP.PCAP.CD,6292.78948709922,6242.19533244977,6390.31063156115,6639.60714595024,6684.80736732912,6920.87807380804,7075.06582034944,7212.96018080962
St. Vincent and the Grenadines,VCT,GDP (current US$),NY.GDP.MKTP.CD,681225925.925926,676129629.62963,692933333.333333,721207407.407407,727714814.814815,755400000,774429629.62963,792177777.777778
Sudan,SDN,GDP per capita (current US$),NY.GDP.PCAP.CD,1401.47747416771,1437.7732945888,1457.89458202637,1557.22831003842,1709.99960541964,1909.73875450207,1299.26119456743,1111.86844893858
Sudan,SDN,GDP (current US$),NY.GDP.MKTP.CD,61739815526.5181,57891984839.8169,52766720138.7383,57730424385.3149,64941775064.7633,74294471279.4565,51772232494.854,45379127306.436
Suriname,SUR,GDP per capita (current US$),NY.GDP.PCAP.CD,8255.7968587048,8263.17292305383,9201.00878530056,9402.23313695562,9472.00759951427,8561.97417855142,5539.06887190094,5626.79581590317
Suriname,SUR,GDP (current US$),NY.GDP.MKTP.CD,4368398047.64333,4422276621.78703,4980000000,5145757575.75758,5240606060.60606,4787367928.11777,3128953536.91038,3210064505.78949
Sweden,SWE,GDP per capita (current US$),NY.GDP.PCAP.CD,52869.0442891587,60755.7595508465,58037.8213192173,61126.9431963979,60020.3604576572,51545.4836095322,51965.1571531985,53791.5087298403
Sweden,SWE,GDP (current US$),NY.GDP.MKTP.CD,495812558843.31,574094112972.733,552483727282.802,586841821796.891,581964017237.095,505103781349.757,515654671469.547,541018749769.097
Switzerland,CHE,GDP per capita (current US$),NY.GDP.PCAP.CD,74605.7210207051,88415.6280609527,83538.2300783858,85112.4643984141,86605.5633762421,82081.5971239792,80172.2320747951,80449.9945608366
Switzerland,CHE,GDP (current US$),NY.GDP.MKTP.CD,583782977866.405,699579638638.226,668043614122.87,688504173431.454,709182559935.301,679832291693.257,671309197376.701,679950482029.061
Syrian Arab Republic,SYR,GDP per capita (current US$),NY.GDP.PCAP.CD,..,..,..,..,..,..,..,..
Syrian Arab Republic,SYR,GDP (current US$),NY.GDP.MKTP.CD,..,..,..,..,..,..,..,..
Tajikistan,TJK,GDP per capita (current US$),NY.GDP.PCAP.CD,749.552711015842,847.382101810518,969.296473144289,1048.22729256115,1104.17168941376,929.095857223746,802.518004052824,806.041573098044
Tajikistan,TJK,GDP (current US$),NY.GDP.MKTP.CD,5642178579.58438,6522732202.50748,7633049792.09321,8448469837.53831,9112544556.05962,7854602391.65355,6952678127.03396,7157865188.25222
Tanzania,TZA,GDP per capita (current US$),NY.GDP.PCAP.CD,743.403784726004,781.437014324276,867.867680563228,970.416938425046,1030.09291747653,947.933446487903,966.474622354379,1004.84112066441
Tanzania,TZA,GDP (current US$),NY.GDP.MKTP.CD,32014249841.4151,34657139495.4031,39650530214.3287,45680532613.7591,49964788814.0927,47378599025.3044,49774021003.0747,53320625958.5628
Thailand,THA,GDP per capita (current US$),NY.GDP.PCAP.CD,5076.34017438708,5492.12125590558,5860.58250725599,6168.26298501219,5951.88370233604,5840.04652294326,5994.23147547156,6592.91490169864
Thailand,THA,GDP (current US$),NY.GDP.MKTP.CD,341104820155.464,370819140946.553,397558222957.17,420333203150.426,407339361695.577,401295941041.296,413430123185.367,456294704152.647
Timor-Leste,TLS,GDP per capita (current US$),NY.GDP.PCAP.CD,806.40786170986,947.513730419925,1013.05045122024,1210.03329624593,1232.45683164031,1334.6619555193,1358.20169150129,1294.71553448905
Timor-Leste,TLS,GDP (current US$),NY.GDP.MKTP.CD,881825544.160551,1054725856.53067,1147780082.92982,1395525350.39395,1447312263.557,1596658766.71165,1656039024.02723,1609669330.12439
Togo,TGO,GDP per capita (current US$),NY.GDP.PCAP.CD,534.044366810198,587.097136792467,571.806723944167,621.398853574683,640.934219628827,570.910279013434,597.471088804109,626.09152789111
Togo,TGO,GDP (current US$),NY.GDP.MKTP.CD,3429461495.41335,3872459249.74631,3873308389.30006,4321655656.33177,4574986536.90791,4180866177.03946,4486979198.3066,4819949975.18151
Tonga,TON,GDP per capita (current US$),NY.GDP.PCAP.CD,3553.22061448636,4084.6241317437,4597.74230534531,4428.56648134984,4393.9408110033,4320.63799011384,3966.15652021899,4217.47650679527
Tonga,TON,GDP (current US$),NY.GDP.MKTP.CD,369485198.817979,423011844.331641,472358251.224261,450686353.674011,443911052.254042,435438217.281663,401109307.359307,430174168.740104
Trinidad and Tobago,TTO,GDP per capita (current US$),NY.GDP.PCAP.CD,16683.3553787376,19034.1491966652,19157.4170366712,20143.6644489582,20270.8593716518,18289.704340369,16176.9473700573,16238.1931916674
Trinidad and Tobago,TTO,GDP (current US$),NY.GDP.MKTP.CD,22157948396.2042,25433011405.3017,25763220107.0051,27268478564.5547,27615843098.0949,25062893969.3292,22284780326.8856,22474828527.1775
Tunisia,TUN,GDP per capita (current US$),NY.GDP.PCAP.CD,4141.97635336459,4264.67494604737,4152.67858707583,4222.70324540611,4305.47416504834,3861.68853113497,3697.93083126064,3481.22873876516
Tunisia,TUN,GDP (current US$),NY.GDP.MKTP.CD,44050929160.2627,45810626509.4474,45044112939.3687,46251061734.4741,47632326088.237,43173480831.9739,41801210428.3054,39802430354.6334
Turkey,TUR,GDP per capita (current US$),NY.GDP.PCAP.CD,10672.389245603,11335.5105095101,11707.2597121001,12519.3914258819,12095.8545718135,10948.7246069027,10820.6338422108,10513.6484324378
Turkey,TUR,GDP (current US$),NY.GDP.MKTP.CD,771901768898.057,832523680895.522,873982246603.563,950579413121.126,934185915375.828,859796872683.823,863721648058.011,852676779693.539
Turkmenistan,TKM,GDP per capita (current US$),NY.GDP.PCAP.CD,4439.20038235805,5649.95227819669,6675.18565772239,7304.28713230982,7962.23909840679,6432.68070195019,6389.54840833488,6587.09031628698
Turkmenistan,TKM,GDP (current US$),NY.GDP.MKTP.CD,22583157894.7368,29233333333.3333,35164210526.3158,39197543859.6491,43524210526.3158,35799714285.7143,36180000000,37926285714.2857
Turks and Caicos Islands,TCA,GDP per capita (current US$),NY.GDP.PCAP.CD,21028.4081445193,21835.0831410852,21009.8858098984,21328.9790101062,23296.3369051995,24832.5963703066,25995.1724609535,25933.6074363465
Turks and Caicos Islands,TCA,GDP (current US$),NY.GDP.MKTP.CD,686787810,728789570,715722770,740776770,823968140,893501650,950357510,962525840
Tuvalu,TUV,GDP per capita (current US$),NY.GDP.PCAP.CD,3022.17650716397,3640.72324004977,3507.94065504737,3454.82869218249,3398.70648337631,3197.77225194394,3255.92869342584,3572.49357894833
Tuvalu,TUV,GDP (current US$),NY.GDP.MKTP.CD,31823518.6204366,38711810.2114492,37671774.6945537,37509075.1110253,37290607.5356048,35492074.2243257,36547799.583705,40619251.9926426
Uganda,UGA,GDP per capita (current US$),NY.GDP.PCAP.CD,815.873679131482,825.838435186254,783.717921018288,803.509373918698,876.354300461581,840.401571455767,730.625040496247,747.196907377979
Uganda,UGA,GDP (current US$),NY.GDP.MKTP.CD,26457287917.7801,27646526401.817,27084639297.0817,28681464765.3339,32348119639.0743,32124730770.8086,28967460676.8252,30756466548.0543
Ukraine,UKR,GDP per capita (current US$),NY.GDP.PCAP.CD,2965.13971520617,3569.75812083898,3855.41772856732,4029.71125162545,3104.64320609541,2124.6623187838,2187.73050991433,2640.67567655839
Ukraine,UKR,GDP (current US$),NY.GDP.MKTP.CD,136013155905.036,163159671670.265,175781379051.433,183310146378.081,133503411375.739,91030959454.6961,93355993628.5042,112190355158.178
United Arab Emirates,ARE,GDP per capita (current US$),NY.GDP.PCAP.CD,33893.303514039,39194.6766208456,40976.4997112455,42412.6302780364,43751.8388860721,38663.3838066363,38141.8467585492,40644.804043392
United Arab Emirates,ARE,GDP (current US$),NY.GDP.MKTP.CD,289787338325.391,350666031313.819,374590605854.323,390107556160.654,403137100068.074,358135057862.492,357045064669.843,385605506854.881
United Kingdom,GBR,GDP per capita (current US$),NY.GDP.PCAP.CD,39435.8399018505,42038.572250193,42462.771568145,43444.533001954,47425.6076805194,44974.8318771782,41064.1334316223,40361.4173832159
United Kingdom,GBR,GDP (current US$),NY.GDP.MKTP.CD,2475244321361.11,2659310054646.23,2704887678386.72,2786022872706.81,3063803240208.01,2928591002002.51,2694283209613.29,2666229179958.01
United States,USA,GDP per capita (current US$),NY.GDP.PCAP.CD,48467.5157769259,49886.8181094923,51610.6052783379,53117.6678308301,55047.7255604544,56822.5188202456,57927.5168515062,59957.7258513032
United States,USA,GDP (current US$),NY.GDP.MKTP.CD,14992052727000,15542581104000,16197007349000,16784849190000,17521746534000,18219297584000,18707188235000,19485393853000
Uruguay,URY,GDP per capita (current US$),NY.GDP.PCAP.CD,11992.0166261774,14236.681188686,15171.5846634188,16973.6742130217,16831.9729440778,15613.7642726429,15387.1440299446,17322.1473891166
Uruguay,URY,GDP (current US$),NY.GDP.MKTP.CD,40284481651.9021,47962439303.7247,51264390116.4909,57531233350.9101,57236013086.1223,53274304222.136,52687612261.5424,59530088536.2179
Uzbekistan,UZB,GDP per capita (current US$),NY.GDP.PCAP.CD,1634.31209539718,1926.29299673401,2137.025122118,2281.41097296841,2492.33664277468,2615.025134487,2567.79920656883,1826.56691924216
Uzbekistan,UZB,GDP (current US$),NY.GDP.MKTP.CD,46679875793.5724,56516280748.3777,63628854498.5024,68997168337.6782,76658542757.4707,81847410181.7953,81779012350.8833,59159945320.5667
Vanuatu,VUT,GDP per capita (current US$),NY.GDP.PCAP.CD,2966.85711598678,3264.5370165591,3133.09020920348,3124.23307756588,3088.25830265504,2801.93984778858,2889.85303623403,3082.35632289041
Vanuatu,VUT,GDP (current US$),NY.GDP.MKTP.CD,700804286.224354,792149700.679116,781702874.106058,801787555.861121,814954306.971033,759689950.930918,804332795.575017,880043553.748442
"Venezuela, RB",VEN,GDP per capita (current US$),NY.GDP.PCAP.CD,13825.3580883312,10955.3499126366,12985.5053251065,12456.7124535391,16054.4905130962,..,..,..
"Venezuela, RB",VEN,GDP (current US$),NY.GDP.MKTP.CD,393192354510.653,316482190800.364,381286237847.667,371005379786.566,482359318767.703,..,..,..
Vietnam,VNM,GDP per capita (current US$),NY.GDP.PCAP.CD,1317.89070617836,1525.11598800104,1735.14127643805,1886.67189633671,2030.26195473318,2085.10148409879,2192.21453866566,2365.62166567374
Vietnam,VNM,GDP (current US$),NY.GDP.MKTP.CD,115931749697.241,135539438559.709,155820001920.492,171222025117.381,186204652922.262,193241108709.536,205276172134.901,223779865815.183
Virgin Islands (U.S.),VIR,GDP per capita (current US$),NY.GDP.PCAP.CD,40043.1901659314,39144.1657740184,37849.7287205036,34819.1477546185,33573.0970301435,34797.14046978,35931.5412519766,35938.0243875154
Virgin Islands (U.S.),VIR,GDP (current US$),NY.GDP.MKTP.CD,4339000000,4239000000,4095000000,3762000000,3622000000,3748000000,3863000000,3855000000
West Bank and Gaza,PSE,GDP per capita (current US$),NY.GDP.PCAP.CD,2354.12598671847,2695.19385339015,2834.02152463393,3060.3123893102,3046.82179844817,2967.85174651975,3074.29115236515,3254.48588658763
West Bank and Gaza,PSE,GDP (current US$),NY.GDP.MKTP.CD,8913100000,10465400000,11279400000,12476000000,12715600000,12673000000,13425700000,14498100000
"Yemen, Rep.",YEM,GDP per capita (current US$),NY.GDP.PCAP.CD,1334.78484461341,1374.62128512758,1446.53635351496,1607.15236498904,1673.14635369478,1395.43963317477,1033.73304347934,882.395758510966
"Yemen, Rep.",YEM,GDP (current US$),NY.GDP.MKTP.CD,30906749533.221,32726417212.348,35401341663.0425,40415235701.9871,43206469767.4419,36976204506.0659,28084676409.1858,24561327989.312
Zambia,ZMB,GDP per capita (current US$),NY.GDP.PCAP.CD,1489.45930583593,1672.90825103652,1763.07273337195,1878.90700132351,1763.05729765435,1337.79611014087,1280.57889834732,1534.86537052245
Zambia,ZMB,GDP (current US$),NY.GDP.MKTP.CD,20265559483.8548,23459515275.5776,25503060420.026,28045512870.8834,27150646908.7245,21243347377.3226,20954761767.1586,25868142076.7897
Zimbabwe,ZWE,GDP per capita (current US$),NY.GDP.PCAP.CD,948.33185445926,1093.65400227511,1304.96980167411,1430.00081795572,1434.89934002278,1445.07106198798,1464.58352903946,1548.17005572552
Zimbabwe,ZWE,GDP (current US$),NY.GDP.MKTP.CD,12041655200,14101920300,17114849900,19091020000,19495519600,19963120600,20548678100,22040902300
,,,,,,,,,,,
,,,,,,,,,,,
,,,,,,,,,,,
Data from database: World Development Indicators,,,,,,,,,,,
Last Updated: 10/15/2020,,,,,,,,,,,
