Country Name,Country Code,Time,Time Code,GDP (current US$) [NY.GDP.MKTP.CD]
Afghanistan,AFG,2010,YR2010,15856574731.4411
Afghanistan,AFG,2011,YR2011,17804292964.1045
Afghanistan,AFG,2012,YR2012,20001598505.7042
Afghanistan,AFG,2013,YR2013,20561069558.2152
Afghanistan,AFG,2014,YR2014,20484885119.7348
Afghanistan,AFG,2015,YR2015,19907111418.9938
Afghanistan,AFG,2016,YR2016,19362642266.6484
Afghanistan,AFG,2017,YR2017,20191760000.0587
Albania,ALB,2010,YR2010,11926928505.5231
Albania,ALB,2011,YR2011,12890765324.2256
Albania,ALB,2012,YR2012,12319830252.4768
Albania,ALB,2013,YR2013,12776217194.7928
Albania,ALB,2014,YR2014,13228144008.3428
Albania,ALB,2015,YR2015,11386846319.1589
Albania,ALB,2016,YR2016,11861200797.4707
Albania,ALB,2017,YR2017,13019693450.8816
Algeria,DZA,2010,YR2010,161207754147.286
Algeria,DZA,2011,YR2011,200019468616.453
Algeria,DZA,2012,YR2012,209060307470.078
Algeria,DZA,2013,YR2013,209754763860.68
Algeria,DZA,2014,YR2014,213808808746.696
Algeria,DZA,2015,YR2015,165979418301.861
Algeria,DZA,2016,YR2016,160033844070.572
Algeria,DZA,2017,YR2017,167389364980.671
American Samoa,ASM,2010,YR2010,576000000
American Samoa,ASM,2011,YR2011,574000000
American Samoa,ASM,2012,YR2012,644000000
American Samoa,ASM,2013,YR2013,641000000
American Samoa,ASM,2014,YR2014,642000000
American Samoa,ASM,2015,YR2015,661000000
American Samoa,ASM,2016,YR2016,652000000
American Samoa,ASM,2017,YR2017,602000000
Andorra,AND,2010,YR2010,3449966856.68832
Andorra,AND,2011,YR2011,3629203786.19154
Andorra,AND,2012,YR2012,3188808942.56713
Andorra,AND,2013,YR2013,3193704343.20627
Andorra,AND,2014,YR2014,3271808157.30039
Andorra,AND,2015,YR2015,2789870187.50693
Andorra,AND,2016,YR2016,2896679211.86628
Andorra,AND,2017,YR2017,3000180750.11297
Angola,AGO,2010,YR2010,83799496611.2004
Angola,AGO,2011,YR2011,111789686464.441
Angola,AGO,2012,YR2012,128052853643.106
Angola,AGO,2013,YR2013,136709862831.194
Angola,AGO,2014,YR2014,145712200312.505
Angola,AGO,2015,YR2015,116193649124.151
Angola,AGO,2016,YR2016,101123851090.455
Angola,AGO,2017,YR2017,122123822333.591
Antigua and Barbuda,ATG,2010,YR2010,1148700000
Antigua and Barbuda,ATG,2011,YR2011,1137637037.03704
Antigua and Barbuda,ATG,2012,YR2012,1199948148.14815
Antigua and Barbuda,ATG,2013,YR2013,1181448148.14815
Antigua and Barbuda,ATG,2014,YR2014,1249733333.33333
Antigua and Barbuda,ATG,2015,YR2015,1336692592.59259
Antigua and Barbuda,ATG,2016,YR2016,1436585185.18519
Antigua and Barbuda,ATG,2017,YR2017,1467977777.77778
Argentina,ARG,2010,YR2010,423627422092.49
Argentina,ARG,2011,YR2011,530163281574.658
Argentina,ARG,2012,YR2012,545982375701.128
Argentina,ARG,2013,YR2013,552025140252.246
Argentina,ARG,2014,YR2014,526319673731.638
Argentina,ARG,2015,YR2015,594749285413.212
Argentina,ARG,2016,YR2016,557531376217.967
Argentina,ARG,2017,YR2017,642695864756.35
Armenia,ARM,2010,YR2010,9260284937.79782
Armenia,ARM,2011,YR2011,10142111334.4961
Armenia,ARM,2012,YR2012,10619320048.5857
Armenia,ARM,2013,YR2013,11121465767.4067
Armenia,ARM,2014,YR2014,11609512939.7543
Armenia,ARM,2015,YR2015,10553337672.9872
Armenia,ARM,2016,YR2016,10546135160.031
Armenia,ARM,2017,YR2017,11527458565.7334
Aruba,ABW,2010,YR2010,2390502793.29609
Aruba,ABW,2011,YR2011,2549720670.39106
Aruba,ABW,2012,YR2012,2534636871.50838
Aruba,ABW,2013,YR2013,2701675977.65363
Aruba,ABW,2014,YR2014,2765363128.49162
Aruba,ABW,2015,YR2015,2919553072.6257
Aruba,ABW,2016,YR2016,2965921787.7095
Aruba,ABW,2017,YR2017,3056424581.00559
Australia,AUS,2010,YR2010,1146138465603.81
Australia,AUS,2011,YR2011,1396649906339.35
Australia,AUS,2012,YR2012,1546151783872.96
Australia,AUS,2013,YR2013,1576184467015.49
Australia,AUS,2014,YR2014,1467483705131.74
Australia,AUS,2015,YR2015,1351693984524.5
Australia,AUS,2016,YR2016,1208846993739.99
Australia,AUS,2017,YR2017,1330135756844.41
Austria,AUT,2010,YR2010,391892746544.69
Austria,AUT,2011,YR2011,431120310088.82
Austria,AUT,2012,YR2012,409425234155.263
Austria,AUT,2013,YR2013,430068712971.867
Austria,AUT,2014,YR2014,441996131736.508
Austria,AUT,2015,YR2015,381817565893.574
Austria,AUT,2016,YR2016,395227684138.862
Austria,AUT,2017,YR2017,418316161095.683
Azerbaijan,AZE,2010,YR2010,52902703376.1056
Azerbaijan,AZE,2011,YR2011,65951627200.2026
Azerbaijan,AZE,2012,YR2012,69683935845.2138
Azerbaijan,AZE,2013,YR2013,74164435946.4627
Azerbaijan,AZE,2014,YR2014,75244294275.1498
Azerbaijan,AZE,2015,YR2015,53074370486.0433
Azerbaijan,AZE,2016,YR2016,37867518957.1975
Azerbaijan,AZE,2017,YR2017,40865558912.3867
"Bahamas, The",BHS,2010,YR2010,10095760000
"Bahamas, The",BHS,2011,YR2011,10070450000
"Bahamas, The",BHS,2012,YR2012,10720500000
"Bahamas, The",BHS,2013,YR2013,10562700000
"Bahamas, The",BHS,2014,YR2014,10913300000
"Bahamas, The",BHS,2015,YR2015,11752300000
"Bahamas, The",BHS,2016,YR2016,11938400000
"Bahamas, The",BHS,2017,YR2017,12150400000
Bahrain,BHR,2010,YR2010,25713271276.5957
Bahrain,BHR,2011,YR2011,28776595744.6809
Bahrain,BHR,2012,YR2012,30749308510.6383
Bahrain,BHR,2013,YR2013,32539468085.1064
Bahrain,BHR,2014,YR2014,33387712765.9574
Bahrain,BHR,2015,YR2015,31125851063.8298
Bahrain,BHR,2016,YR2016,32250132978.7234
Bahrain,BHR,2017,YR2017,35423643617.0213
Bangladesh,BGD,2010,YR2010,115279077465.226
Bangladesh,BGD,2011,YR2011,128637938711.386
Bangladesh,BGD,2012,YR2012,133355749482.478
Bangladesh,BGD,2013,YR2013,149990451022.29
Bangladesh,BGD,2014,YR2014,172885454931.453
Bangladesh,BGD,2015,YR2015,195078678697.23
Bangladesh,BGD,2016,YR2016,221415162445.648
Bangladesh,BGD,2017,YR2017,249711052937.012
Barbados,BRB,2010,YR2010,4530000000
Barbados,BRB,2011,YR2011,4657500000
Barbados,BRB,2012,YR2012,4610000000
Barbados,BRB,2013,YR2013,4677000000
Barbados,BRB,2014,YR2014,4696500000
Barbados,BRB,2015,YR2015,4715000000
Barbados,BRB,2016,YR2016,4830000000
Barbados,BRB,2017,YR2017,4978000000
Belarus,BLR,2010,YR2010,57222490768.7143
Belarus,BLR,2011,YR2011,61757788944.7236
Belarus,BLR,2012,YR2012,65685102554.8759
Belarus,BLR,2013,YR2013,75527984234.2342
Belarus,BLR,2014,YR2014,78813839984.3506
Belarus,BLR,2015,YR2015,56454734396.5842
Belarus,BLR,2016,YR2016,47722657820.6675
Belarus,BLR,2017,YR2017,54726595249.1849
Belgium,BEL,2010,YR2010,480951629493.033
Belgium,BEL,2011,YR2011,522645519183.591
Belgium,BEL,2012,YR2012,496181260258.3
Belgium,BEL,2013,YR2013,521642714407.843
Belgium,BEL,2014,YR2014,534678075827.361
Belgium,BEL,2015,YR2015,462149679343.822
Belgium,BEL,2016,YR2016,475900865683.644
Belgium,BEL,2017,YR2017,503788776542.824
Belize,BLZ,2010,YR2010,1377200000
Belize,BLZ,2011,YR2011,1460800000
Belize,BLZ,2012,YR2012,1522900000
Belize,BLZ,2013,YR2013,1579400000
Belize,BLZ,2014,YR2014,1662800000
Belize,BLZ,2015,YR2015,1723800000
Belize,BLZ,2016,YR2016,1775100000
Belize,BLZ,2017,YR2017,1836600000
Benin,BEN,2010,YR2010,9535344283.47295
Benin,BEN,2011,YR2011,10693321953.6355
Benin,BEN,2012,YR2012,11141358945.1349
Benin,BEN,2013,YR2013,12517845732.2095
Benin,BEN,2014,YR2014,13284528654.0574
Benin,BEN,2015,YR2015,11388160958.249
Benin,BEN,2016,YR2016,11821066152.598
Benin,BEN,2017,YR2017,12701656930.6889
Bermuda,BMU,2010,YR2010,5744414000
Bermuda,BMU,2011,YR2011,5550771000
Bermuda,BMU,2012,YR2012,5537537000
Bermuda,BMU,2013,YR2013,5573710000
Bermuda,BMU,2014,YR2014,..
Bermuda,BMU,2015,YR2015,..
Bermuda,BMU,2016,YR2016,..
Bermuda,BMU,2017,YR2017,..
Bhutan,BTN,2010,YR2010,1547991317.81183
Bhutan,BTN,2011,YR2011,1777101316.67756
Bhutan,BTN,2012,YR2012,1781281281.57912
Bhutan,BTN,2013,YR2013,1756215665.09323
Bhutan,BTN,2014,YR2014,1907090813.45907
Bhutan,BTN,2015,YR2015,2003598212.99135
Bhutan,BTN,2016,YR2016,2158972129.00307
Bhutan,BTN,2017,YR2017,2450364928.07302
Bolivia,BOL,2010,YR2010,19649631450.6819
Bolivia,BOL,2011,YR2011,23963033588.0063
Bolivia,BOL,2012,YR2012,27084497539.7974
Bolivia,BOL,2013,YR2013,30659338784.3705
Bolivia,BOL,2014,YR2014,32996188133.1404
Bolivia,BOL,2015,YR2015,33000198263.3864
Bolivia,BOL,2016,YR2016,33941126193.9219
Bolivia,BOL,2017,YR2017,37508642112.8799
Bosnia and Herzegovina,BIH,2010,YR2010,17176781336.7644
Bosnia and Herzegovina,BIH,2011,YR2011,18644723860.9709
Bosnia and Herzegovina,BIH,2012,YR2012,17226849297.07
Bosnia and Herzegovina,BIH,2013,YR2013,18178503835.4491
Bosnia and Herzegovina,BIH,2014,YR2014,18558343508.3435
Bosnia and Herzegovina,BIH,2015,YR2015,16211541253.1897
Bosnia and Herzegovina,BIH,2016,YR2016,16913330693.9653
Bosnia and Herzegovina,BIH,2017,YR2017,18080118128.3854
Botswana,BWA,2010,YR2010,12786654365.8738
Botswana,BWA,2011,YR2011,15351972229.5341
Botswana,BWA,2012,YR2012,14420393563.5442
Botswana,BWA,2013,YR2013,14901750764.9811
Botswana,BWA,2014,YR2014,16250750259.0212
Botswana,BWA,2015,YR2015,14420604205.7459
Botswana,BWA,2016,YR2016,15646316818.3319
Botswana,BWA,2017,YR2017,17405538618.3969
Brazil,BRA,2010,YR2010,2208871646202.82
Brazil,BRA,2011,YR2011,2616200980392.16
Brazil,BRA,2012,YR2012,2465188674415.03
Brazil,BRA,2013,YR2013,2472806919901.67
Brazil,BRA,2014,YR2014,2455993625159.37
Brazil,BRA,2015,YR2015,1802214373741.32
Brazil,BRA,2016,YR2016,1795700168991.49
Brazil,BRA,2017,YR2017,2062831045935.95
British Virgin Islands,VGB,2010,YR2010,..
British Virgin Islands,VGB,2011,YR2011,..
British Virgin Islands,VGB,2012,YR2012,..
British Virgin Islands,VGB,2013,YR2013,..
British Virgin Islands,VGB,2014,YR2014,..
British Virgin Islands,VGB,2015,YR2015,..
British Virgin Islands,VGB,2016,YR2016,..
British Virgin Islands,VGB,2017,YR2017,..
Brunei Darussalam,BRN,2010,YR2010,13707370737.0737
Brunei Darussalam,BRN,2011,YR2011,18525319977.7407
Brunei Darussalam,BRN,2012,YR2012,19047940300.0687
Brunei Darussalam,BRN,2013,YR2013,18093829923.2737
Brunei Darussalam,BRN,2014,YR2014,17098342541.4365
Brunei Darussalam,BRN,2015,YR2015,12930394937.8137
Brunei Darussalam,BRN,2016,YR2016,11400854267.7188
Brunei Darussalam,BRN,2017,YR2017,12128104859.1498
Bulgaria,BGR,2010,YR2010,50363282117.233
Bulgaria,BGR,2011,YR2011,57363610380.3768
Bulgaria,BGR,2012,YR2012,54013812089.3561
Bulgaria,BGR,2013,YR2013,55591336862.1064
Bulgaria,BGR,2014,YR2014,56883172568.1726
Bulgaria,BGR,2015,YR2015,50630703922.0132
Bulgaria,BGR,2016,YR2016,53785050339.3665
Bulgaria,BGR,2017,YR2017,58950125036.0127
Burkina Faso,BFA,2010,YR2010,10109618964.2848
Burkina Faso,BFA,2011,YR2011,12080296644.0643
Burkina Faso,BFA,2012,YR2012,12561016091.4673
Burkina Faso,BFA,2013,YR2013,13444301139.1384
Burkina Faso,BFA,2014,YR2014,13943016923.9017
Burkina Faso,BFA,2015,YR2015,11832159275.603
Burkina Faso,BFA,2016,YR2016,12822558021.8952
Burkina Faso,BFA,2017,YR2017,14169905602.3981
Burundi,BDI,2010,YR2010,2032135246.50004
Burundi,BDI,2011,YR2011,2235820867.82743
Burundi,BDI,2012,YR2012,2333308099.46249
Burundi,BDI,2013,YR2013,2451625332.74584
Burundi,BDI,2014,YR2014,2705783272.07443
Burundi,BDI,2015,YR2015,3104394858.11518
Burundi,BDI,2016,YR2016,2959640987.29943
Burundi,BDI,2017,YR2017,3172292379.36329
Cabo Verde,CPV,2010,YR2010,1664310769.55229
Cabo Verde,CPV,2011,YR2011,1865915544.12446
Cabo Verde,CPV,2012,YR2012,1741809808.96442
Cabo Verde,CPV,2013,YR2013,1850470042.43281
Cabo Verde,CPV,2014,YR2014,1859898513.26858
Cabo Verde,CPV,2015,YR2015,1596800287.16405
Cabo Verde,CPV,2016,YR2016,1662998677.88425
Cabo Verde,CPV,2017,YR2017,1769787215.42141
Cambodia,KHM,2010,YR2010,11242275198.9783
Cambodia,KHM,2011,YR2011,12829541141.0127
Cambodia,KHM,2012,YR2012,14054443213.4639
Cambodia,KHM,2013,YR2013,15227991395.2201
Cambodia,KHM,2014,YR2014,16702610842.4025
Cambodia,KHM,2015,YR2015,18049954289.4229
Cambodia,KHM,2016,YR2016,20016747754.0192
Cambodia,KHM,2017,YR2017,22177200511.5811
Cameroon,CMR,2010,YR2010,26169323292.5278
Cameroon,CMR,2011,YR2011,29375448542.4466
Cameroon,CMR,2012,YR2012,29102772799.0038
Cameroon,CMR,2013,YR2013,32357345500.9885
Cameroon,CMR,2014,YR2014,34989493826.2179
Cameroon,CMR,2015,YR2015,30928653813.8538
Cameroon,CMR,2016,YR2016,32643697595.8378
Cameroon,CMR,2017,YR2017,35009262788.15
Canada,CAN,2010,YR2010,1613464422811.13
Canada,CAN,2011,YR2011,1788647906047.76
Canada,CAN,2012,YR2012,1828689329348.99
Canada,CAN,2013,YR2013,1847208522155.34
Canada,CAN,2014,YR2014,1803533209844.65
Canada,CAN,2015,YR2015,1556129524418.21
Canada,CAN,2016,YR2016,1528243213982.08
Canada,CAN,2017,YR2017,1649878054226.82
Cayman Islands,CYM,2010,YR2010,4156935677.4271
Cayman Islands,CYM,2011,YR2011,4186223808.95236
Cayman Islands,CYM,2012,YR2012,4291159006.36025
Cayman Islands,CYM,2013,YR2013,4405954638.18553
Cayman Islands,CYM,2014,YR2014,4563017880.71523
Cayman Islands,CYM,2015,YR2015,4708336733.46934
Cayman Islands,CYM,2016,YR2016,4898908676.34705
Cayman Islands,CYM,2017,YR2017,5141833913.35653
Central African Republic,CAF,2010,YR2010,2142591375.85053
Central African Republic,CAF,2011,YR2011,2437982839.63072
Central African Republic,CAF,2012,YR2012,2510126699.05356
Central African Republic,CAF,2013,YR2013,1691544192.38242
Central African Republic,CAF,2014,YR2014,1894813504.52945
Central African Republic,CAF,2015,YR2015,1695825708.45604
Central African Republic,CAF,2016,YR2016,1825018190.85071
Central African Republic,CAF,2017,YR2017,2072350151.13061
Chad,TCD,2010,YR2010,10668102734.8132
Chad,TCD,2011,YR2011,12172309522.6172
Chad,TCD,2012,YR2012,12367363677.6199
Chad,TCD,2013,YR2013,12953535495.8781
Chad,TCD,2014,YR2014,13940768065.6063
Chad,TCD,2015,YR2015,10950392219.9104
Chad,TCD,2016,YR2016,10097778353.7651
Chad,TCD,2017,YR2017,10000395242.1457
Channel Islands,CHI,2010,YR2010,..
Channel Islands,CHI,2011,YR2011,..
Channel Islands,CHI,2012,YR2012,..
Channel Islands,CHI,2013,YR2013,..
Channel Islands,CHI,2014,YR2014,..
Channel Islands,CHI,2015,YR2015,..
Channel Islands,CHI,2016,YR2016,..
Channel Islands,CHI,2017,YR2017,..
Chile,CHL,2010,YR2010,218537551220.071
Chile,CHL,2011,YR2011,252251992029.442
Chile,CHL,2012,YR2012,267122320056.702
Chile,CHL,2013,YR2013,278384345259.377
Chile,CHL,2014,YR2014,260541629960.664
Chile,CHL,2015,YR2015,243919085308.936
Chile,CHL,2016,YR2016,250440136356.127
Chile,CHL,2017,YR2017,277044950259.009
China,CHN,2010,YR2010,6087164527421.24
China,CHN,2011,YR2011,7551500425597.77
China,CHN,2012,YR2012,8532230724141.76
China,CHN,2013,YR2013,9570405758739.79
China,CHN,2014,YR2014,10475682846632.2
China,CHN,2015,YR2015,11061552790044.2
China,CHN,2016,YR2016,11233277146512.2
China,CHN,2017,YR2017,12310408652423.5
Colombia,COL,2010,YR2010,286563099757.481
Colombia,COL,2011,YR2011,334943877377.471
Colombia,COL,2012,YR2012,370921317942.563
Colombia,COL,2013,YR2013,382116120909.218
Colombia,COL,2014,YR2014,381112110485.384
Colombia,COL,2015,YR2015,293481753078.868
Colombia,COL,2016,YR2016,282825012368.255
Colombia,COL,2017,YR2017,311883730442.045
Comoros,COM,2010,YR2010,907978723.547592
Comoros,COM,2011,YR2011,1023086183.79822
Comoros,COM,2012,YR2012,1015843368.79008
Comoros,COM,2013,YR2013,1116224161.07781
Comoros,COM,2014,YR2014,1149587651.69395
Comoros,COM,2015,YR2015,966029542.038859
Comoros,COM,2016,YR2016,1012835518.26037
Comoros,COM,2017,YR2017,1077439662.5798
"Congo, Dem. Rep.",COD,2010,YR2010,21565720044.4634
"Congo, Dem. Rep.",COD,2011,YR2011,25839749198.8233
"Congo, Dem. Rep.",COD,2012,YR2012,29306235826.3886
"Congo, Dem. Rep.",COD,2013,YR2013,32679745297.6453
"Congo, Dem. Rep.",COD,2014,YR2014,35909040265.9328
"Congo, Dem. Rep.",COD,2015,YR2015,37917704900.0794
"Congo, Dem. Rep.",COD,2016,YR2016,37134799974.5225
"Congo, Dem. Rep.",COD,2017,YR2017,38019265625.8845
"Congo, Rep.",COG,2010,YR2010,12019594809.3986
"Congo, Rep.",COG,2011,YR2011,14444509755.5727
"Congo, Rep.",COG,2012,YR2012,13677147848.3372
"Congo, Rep.",COG,2013,YR2013,14089855509.0954
"Congo, Rep.",COG,2014,YR2014,14196322768.2912
"Congo, Rep.",COG,2015,YR2015,8556594871.17728
"Congo, Rep.",COG,2016,YR2016,9041986778.39021
"Congo, Rep.",COG,2017,YR2017,9035182061.96536
Costa Rica,CRI,2010,YR2010,37268614024.3178
Costa Rica,CRI,2011,YR2011,42262697840.385
Costa Rica,CRI,2012,YR2012,46473128285.5589
Costa Rica,CRI,2013,YR2013,49745088111.6953
Costa Rica,CRI,2014,YR2014,50577769837.7462
Costa Rica,CRI,2015,YR2015,54775994478.5095
Costa Rica,CRI,2016,YR2016,57157992434.1805
Costa Rica,CRI,2017,YR2017,58481858042.5721
Cote d'Ivoire,CIV,2010,YR2010,24908781285.4756
Cote d'Ivoire,CIV,2011,YR2011,25414875503.0784
Cote d'Ivoire,CIV,2012,YR2012,26789047554.5988
Cote d'Ivoire,CIV,2013,YR2013,31273074527.6975
Cote d'Ivoire,CIV,2014,YR2014,35363533865.7272
Cote d'Ivoire,CIV,2015,YR2015,45814637971.4745
Cote d'Ivoire,CIV,2016,YR2016,47964234560.0514
Cote d'Ivoire,CIV,2017,YR2017,51588158717.5348
Croatia,HRV,2010,YR2010,59807930156.4205
Croatia,HRV,2011,YR2011,62354273096.4277
Croatia,HRV,2012,YR2012,56494367810.1978
Croatia,HRV,2013,YR2013,58056933513.2956
Croatia,HRV,2014,YR2014,57642914303.6081
Croatia,HRV,2015,YR2015,49530641704.2124
Croatia,HRV,2016,YR2016,51596973258.8892
Croatia,HRV,2017,YR2017,55319605060.5393
Cuba,CUB,2010,YR2010,64328000000
Cuba,CUB,2011,YR2011,68990000000
Cuba,CUB,2012,YR2012,73141000000
Cuba,CUB,2013,YR2013,77148000000
Cuba,CUB,2014,YR2014,80656000000
Cuba,CUB,2015,YR2015,87133000000
Cuba,CUB,2016,YR2016,91370000000
Cuba,CUB,2017,YR2017,96851000000
Curacao,CUW,2010,YR2010,..
Curacao,CUW,2011,YR2011,3038699608.93855
Curacao,CUW,2012,YR2012,3131096089.38547
Curacao,CUW,2013,YR2013,3147616201.11732
Curacao,CUW,2014,YR2014,3158406033.51955
Curacao,CUW,2015,YR2015,3151910782.1229
Curacao,CUW,2016,YR2016,3122287932.96089
Curacao,CUW,2017,YR2017,3116610111.73184
Cyprus,CYP,2010,YR2010,25732432719.0773
Cyprus,CYP,2011,YR2011,27565469097.9955
Cyprus,CYP,2012,YR2012,24978513426.6992
Cyprus,CYP,2013,YR2013,23900872625.8467
Cyprus,CYP,2014,YR2014,23128114786.7676
Cyprus,CYP,2015,YR2015,19779150116.4984
Cyprus,CYP,2016,YR2016,20890936462.2537
Cyprus,CYP,2017,YR2017,22638608224.1301
Czech Republic,CZE,2010,YR2010,207477857918.919
Czech Republic,CZE,2011,YR2011,227948349666.354
Czech Republic,CZE,2012,YR2012,207376427020.815
Czech Republic,CZE,2013,YR2013,209402444996.104
Czech Republic,CZE,2014,YR2014,207818330723.835
Czech Republic,CZE,2015,YR2015,186829940545.759
Czech Republic,CZE,2016,YR2016,195090272402.729
Czech Republic,CZE,2017,YR2017,215913545038.43
Denmark,DNK,2010,YR2010,321995279401.502
Denmark,DNK,2011,YR2011,344003137611.271
Denmark,DNK,2012,YR2012,327148943812.137
Denmark,DNK,2013,YR2013,343584391647.927
Denmark,DNK,2014,YR2014,352993631617.708
Denmark,DNK,2015,YR2015,302673068765.972
Denmark,DNK,2016,YR2016,313115929314.339
Denmark,DNK,2017,YR2017,329417067127.817
Djibouti,DJI,2010,YR2010,1128611700.3618
Djibouti,DJI,2011,YR2011,1239144501.77525
Djibouti,DJI,2012,YR2012,1353632941.5207
Djibouti,DJI,2013,YR2013,2042817162.85639
Djibouti,DJI,2014,YR2014,2214681573.56933
Djibouti,DJI,2015,YR2015,2430287967.02678
Djibouti,DJI,2016,YR2016,2603554906.59464
Djibouti,DJI,2017,YR2017,2751461055.59307
Dominica,DMA,2010,YR2010,493825925.925926
Dominica,DMA,2011,YR2011,501025925.925926
Dominica,DMA,2012,YR2012,485996296.296296
Dominica,DMA,2013,YR2013,498296296.296296
Dominica,DMA,2014,YR2014,520207407.407407
Dominica,DMA,2015,YR2015,540737037.037037
Dominica,DMA,2016,YR2016,576229629.629629
Dominica,DMA,2017,YR2017,519837037.037037
Dominican Republic,DOM,2010,YR2010,53860175555.9961
Dominican Republic,DOM,2011,YR2011,58029750745.6495
Dominican Republic,DOM,2012,YR2012,60681537195.7996
Dominican Republic,DOM,2013,YR2013,62682163837.347
Dominican Republic,DOM,2014,YR2014,67179914026.9623
Dominican Republic,DOM,2015,YR2015,71164825256.6849
Dominican Republic,DOM,2016,YR2016,75704720189.5607
Dominican Republic,DOM,2017,YR2017,79997975621.8654
Ecuador,ECU,2010,YR2010,69555367000
Ecuador,ECU,2011,YR2011,79276664000
Ecuador,ECU,2012,YR2012,87924544000
Ecuador,ECU,2013,YR2013,95129659000
Ecuador,ECU,2014,YR2014,101726331000
Ecuador,ECU,2015,YR2015,99290381000
Ecuador,ECU,2016,YR2016,99937696000
Ecuador,ECU,2017,YR2017,104295862000
"Egypt, Arab Rep.",EGY,2010,YR2010,218888324504.753
"Egypt, Arab Rep.",EGY,2011,YR2011,236001858960.015
"Egypt, Arab Rep.",EGY,2012,YR2012,279372758361.832
"Egypt, Arab Rep.",EGY,2013,YR2013,288586231501.877
"Egypt, Arab Rep.",EGY,2014,YR2014,305529656458.438
"Egypt, Arab Rep.",EGY,2015,YR2015,332698041030.807
"Egypt, Arab Rep.",EGY,2016,YR2016,332927833278.038
"Egypt, Arab Rep.",EGY,2017,YR2017,235369129337.711
El Salvador,SLV,2010,YR2010,18448000000
El Salvador,SLV,2011,YR2011,20284000000
El Salvador,SLV,2012,YR2012,21386000000
El Salvador,SLV,2013,YR2013,21990970000
El Salvador,SLV,2014,YR2014,22593480000
El Salvador,SLV,2015,YR2015,23438240000
El Salvador,SLV,2016,YR2016,24191440000
El Salvador,SLV,2017,YR2017,24979200000
Equatorial Guinea,GNQ,2010,YR2010,16314442183.3477
Equatorial Guinea,GNQ,2011,YR2011,21357344847.4966
Equatorial Guinea,GNQ,2012,YR2012,22388345810.2466
Equatorial Guinea,GNQ,2013,YR2013,21948835350.3425
Equatorial Guinea,GNQ,2014,YR2014,21765454404.421
Equatorial Guinea,GNQ,2015,YR2015,13185496836.4124
Equatorial Guinea,GNQ,2016,YR2016,11240809132.4145
Equatorial Guinea,GNQ,2017,YR2017,12200914929.5961
Eritrea,ERI,2010,YR2010,1589515447.15447
Eritrea,ERI,2011,YR2011,2065001626.01626
Eritrea,ERI,2012,YR2012,..
Eritrea,ERI,2013,YR2013,..
Eritrea,ERI,2014,YR2014,..
Eritrea,ERI,2015,YR2015,..
Eritrea,ERI,2016,YR2016,..
Eritrea,ERI,2017,YR2017,..
Estonia,EST,2010,YR2010,19693608686.6415
Estonia,EST,2011,YR2011,23391529311.2497
Estonia,EST,2012,YR2012,23192709238.817
Estonia,EST,2013,YR2013,25271407238.6622
Estonia,EST,2014,YR2014,26773472961.8253
Estonia,EST,2015,YR2015,23048864242.6072
Estonia,EST,2016,YR2016,23996451497.6139
Estonia,EST,2017,YR2017,26859101053.8139
Eswatini,SWZ,2010,YR2010,4438778547.23269
Eswatini,SWZ,2011,YR2011,4820499497.32134
Eswatini,SWZ,2012,YR2012,4886658806.33374
Eswatini,SWZ,2013,YR2013,4597702903.12892
Eswatini,SWZ,2014,YR2014,4422304974.7989
Eswatini,SWZ,2015,YR2015,4073390989.81887
Eswatini,SWZ,2016,YR2016,3840677845.0034
Eswatini,SWZ,2017,YR2017,4446248676.29633
Ethiopia,ETH,2010,YR2010,29933790334.3418
Ethiopia,ETH,2011,YR2011,31952763089.33
Ethiopia,ETH,2012,YR2012,43310721414.0829
Ethiopia,ETH,2013,YR2013,47648211133.2183
Ethiopia,ETH,2014,YR2014,55612228233.5179
Ethiopia,ETH,2015,YR2015,64589334978.8013
Ethiopia,ETH,2016,YR2016,74296618481.0882
Ethiopia,ETH,2017,YR2017,81770791970.982
Faroe Islands,FRO,2010,YR2010,2320424601.26954
Faroe Islands,FRO,2011,YR2011,2490807830.57351
Faroe Islands,FRO,2012,YR2012,2366301251.61847
Faroe Islands,FRO,2013,YR2013,2627049837.08135
Faroe Islands,FRO,2014,YR2014,2850743875.2784
Faroe Islands,FRO,2015,YR2015,2518096285.61661
Faroe Islands,FRO,2016,YR2016,2689157270.82312
Faroe Islands,FRO,2017,YR2017,2833300519.46872
Fiji,FJI,2010,YR2010,3140508835.9485
Fiji,FJI,2011,YR2011,3774530615.65916
Fiji,FJI,2012,YR2012,3972012570.53467
Fiji,FJI,2013,YR2013,4190143206.25611
Fiji,FJI,2014,YR2014,4856963229.83999
Fiji,FJI,2015,YR2015,4682546863.08162
Fiji,FJI,2016,YR2016,4930204229.72263
Fiji,FJI,2017,YR2017,5353404422.08138
Finland,FIN,2010,YR2010,249181190476.369
Finland,FIN,2011,YR2011,275243697751.011
Finland,FIN,2012,YR2012,258304834621.605
Finland,FIN,2013,YR2013,271285280621.373
Finland,FIN,2014,YR2014,274497230802.958
Finland,FIN,2015,YR2015,234440080998.273
Finland,FIN,2016,YR2016,240607907010.383
Finland,FIN,2017,YR2017,255122545770.778
France,FRA,2010,YR2010,2642609548930.36
France,FRA,2011,YR2011,2861408170264.61
France,FRA,2012,YR2012,2683825225092.63
France,FRA,2013,YR2013,2811077725703.59
France,FRA,2014,YR2014,2852165760630.27
France,FRA,2015,YR2015,2438207896251.84
France,FRA,2016,YR2016,2471285607081.72
France,FRA,2017,YR2017,2595151045197.65
French Polynesia,PYF,2010,YR2010,..
French Polynesia,PYF,2011,YR2011,..
French Polynesia,PYF,2012,YR2012,..
French Polynesia,PYF,2013,YR2013,..
French Polynesia,PYF,2014,YR2014,..
French Polynesia,PYF,2015,YR2015,..
French Polynesia,PYF,2016,YR2016,..
French Polynesia,PYF,2017,YR2017,..
Gabon,GAB,2010,YR2010,14372591916.4792
Gabon,GAB,2011,YR2011,18210308748.2912
Gabon,GAB,2012,YR2012,17170465294.0332
Gabon,GAB,2013,YR2013,17595745653.3676
Gabon,GAB,2014,YR2014,18203968001.8908
Gabon,GAB,2015,YR2015,14383107714.0388
Gabon,GAB,2016,YR2016,14023890620.3384
Gabon,GAB,2017,YR2017,14929488770.7315
"Gambia, The",GMB,2010,YR2010,1543292392.54605
"Gambia, The",GMB,2011,YR2011,1409694553.90934
"Gambia, The",GMB,2012,YR2012,1415006238.09509
"Gambia, The",GMB,2013,YR2013,1375608956.10386
"Gambia, The",GMB,2014,YR2014,1229460601.92174
"Gambia, The",GMB,2015,YR2015,1354788658.6494
"Gambia, The",GMB,2016,YR2016,1470006033.90217
"Gambia, The",GMB,2017,YR2017,1498044491.4304
Georgia,GEO,2010,YR2010,12243505582.6741
Georgia,GEO,2011,YR2011,15107441446.7833
Georgia,GEO,2012,YR2012,16488403076.3641
Georgia,GEO,2013,YR2013,17189551520.9811
Georgia,GEO,2014,YR2014,17627003454.7205
Georgia,GEO,2015,YR2015,14953950557.4406
Georgia,GEO,2016,YR2016,15141758566.7808
Georgia,GEO,2017,YR2017,16242916915.7203
Germany,DEU,2010,YR2010,3396354075663.73
Germany,DEU,2011,YR2011,3744408602683.94
Germany,DEU,2012,YR2012,3527344944139.83
Germany,DEU,2013,YR2013,3732743446218.92
Germany,DEU,2014,YR2014,3883920155292.26
Germany,DEU,2015,YR2015,3360549973888.58
Germany,DEU,2016,YR2016,3466790065011.83
Germany,DEU,2017,YR2017,3665804120835.3
Ghana,GHA,2010,YR2010,32197272797.2028
Ghana,GHA,2011,YR2011,39337314809.9434
Ghana,GHA,2012,YR2012,41270954737.2459
Ghana,GHA,2013,YR2013,62405374785.5052
Ghana,GHA,2014,YR2014,53660342159.7735
Ghana,GHA,2015,YR2015,48564863888.4402
Ghana,GHA,2016,YR2016,55009730600.0307
Ghana,GHA,2017,YR2017,58998132329.6173
Gibraltar,GIB,2010,YR2010,..
Gibraltar,GIB,2011,YR2011,..
Gibraltar,GIB,2012,YR2012,..
Gibraltar,GIB,2013,YR2013,..
Gibraltar,GIB,2014,YR2014,..
Gibraltar,GIB,2015,YR2015,..
Gibraltar,GIB,2016,YR2016,..
Gibraltar,GIB,2017,YR2017,..
Greece,GRC,2010,YR2010,299361576558.217
Greece,GRC,2011,YR2011,287797822093.178
Greece,GRC,2012,YR2012,245670666639.047
Greece,GRC,2013,YR2013,239862011450.103
Greece,GRC,2014,YR2014,237029579260.722
Greece,GRC,2015,YR2015,196591353761.226
Greece,GRC,2016,YR2016,195222443512.937
Greece,GRC,2017,YR2017,203588424288.428
Greenland,GRL,2010,YR2010,2503156060.52524
Greenland,GRL,2011,YR2011,2684467375.71479
Greenland,GRL,2012,YR2012,2609667673.71601
Greenland,GRL,2013,YR2013,2684952726.88425
Greenland,GRL,2014,YR2014,2842048997.77283
Greenland,GRL,2015,YR2015,2499115623.00272
Greenland,GRL,2016,YR2016,2707146783.13056
Greenland,GRL,2017,YR2017,2826651925.66902
Grenada,GRD,2010,YR2010,771013259.259259
Grenada,GRD,2011,YR2011,778655925.925926
Grenada,GRD,2012,YR2012,799882259.259259
Grenada,GRD,2013,YR2013,842620111.111111
Grenada,GRD,2014,YR2014,911497407.407407
Grenada,GRD,2015,YR2015,997007925.925926
Grenada,GRD,2016,YR2016,1061631222.22222
Grenada,GRD,2017,YR2017,1125685185.18519
Guam,GUM,2010,YR2010,4895000000
Guam,GUM,2011,YR2011,4928000000
Guam,GUM,2012,YR2012,5199000000
Guam,GUM,2013,YR2013,5336000000
Guam,GUM,2014,YR2014,5538000000
Guam,GUM,2015,YR2015,5710000000
Guam,GUM,2016,YR2016,5795000000
Guam,GUM,2017,YR2017,5851000000
Guatemala,GTM,2010,YR2010,41338008612.7727
Guatemala,GTM,2011,YR2011,47654783851.8252
Guatemala,GTM,2012,YR2012,50388460924.7345
Guatemala,GTM,2013,YR2013,52996540576.3161
Guatemala,GTM,2014,YR2014,57852399834.4585
Guatemala,GTM,2015,YR2015,62186186575.7433
Guatemala,GTM,2016,YR2016,66053725049.0138
Guatemala,GTM,2017,YR2017,71612352781.0667
Guinea,GIN,2010,YR2010,6853467857.61127
Guinea,GIN,2011,YR2011,6785137172.77058
Guinea,GIN,2012,YR2012,7638045254.42864
Guinea,GIN,2013,YR2013,8376613843.27265
Guinea,GIN,2014,YR2014,8778473614.54727
Guinea,GIN,2015,YR2015,8794202443.67366
Guinea,GIN,2016,YR2016,8603884845.39159
Guinea,GIN,2017,YR2017,10336634798.7593
Guinea-Bissau,GNB,2010,YR2010,849050127.504407
Guinea-Bissau,GNB,2011,YR2011,1098379391.95039
Guinea-Bissau,GNB,2012,YR2012,989327811.785114
Guinea-Bissau,GNB,2013,YR2013,1045790132.98518
Guinea-Bissau,GNB,2014,YR2014,1053512334.17271
Guinea-Bissau,GNB,2015,YR2015,1047808175.00057
Guinea-Bissau,GNB,2016,YR2016,1178204501.38801
Guinea-Bissau,GNB,2017,YR2017,1346841897.00437
Guyana,GUY,2010,YR2010,2273225041.96217
Guyana,GUY,2011,YR2011,2576024115.57832
Guyana,GUY,2012,YR2012,2861562265.88301
Guyana,GUY,2013,YR2013,2987684170.24434
Guyana,GUY,2014,YR2014,3077643313.70623
Guyana,GUY,2015,YR2015,3197220338.98305
Guyana,GUY,2016,YR2016,3504024213.07506
Guyana,GUY,2017,YR2017,3555205811.13802
Haiti,HTI,2010,YR2010,6622541528.56888
Haiti,HTI,2011,YR2011,7516834160.25277
Haiti,HTI,2012,YR2012,7890647021.75659
Haiti,HTI,2013,YR2013,8485077205.26002
Haiti,HTI,2014,YR2014,8775444941.93681
Haiti,HTI,2015,YR2015,8724656126.49849
Haiti,HTI,2016,YR2016,7970649131.23416
Haiti,HTI,2017,YR2017,8409497402.4589
Honduras,HND,2010,YR2010,15839344591.9842
Honduras,HND,2011,YR2011,17710315005.9999
Honduras,HND,2012,YR2012,18528601901.324
Honduras,HND,2013,YR2013,18499710127.8385
Honduras,HND,2014,YR2014,19756494434.7031
Honduras,HND,2015,YR2015,20979767785.2104
Honduras,HND,2016,YR2016,21717622071.3816
Honduras,HND,2017,YR2017,23136232229.6069
"Hong Kong SAR, China",HKG,2010,YR2010,228637697575.04
"Hong Kong SAR, China",HKG,2011,YR2011,248513617677.287
"Hong Kong SAR, China",HKG,2012,YR2012,262629441493.476
"Hong Kong SAR, China",HKG,2013,YR2013,275696879834.966
"Hong Kong SAR, China",HKG,2014,YR2014,291459356985.337
"Hong Kong SAR, China",HKG,2015,YR2015,309383627028.561
"Hong Kong SAR, China",HKG,2016,YR2016,320837638328.846
"Hong Kong SAR, China",HKG,2017,YR2017,341244161576.759
Hungary,HUN,2010,YR2010,131135561228.374
Hungary,HUN,2011,YR2011,141109576981.423
Hungary,HUN,2012,YR2012,128153691809.347
Hungary,HUN,2013,YR2013,135409048034.154
Hungary,HUN,2014,YR2014,140558786480.464
Hungary,HUN,2015,YR2015,124529741437.176
Hungary,HUN,2016,YR2016,127507473625.632
Hungary,HUN,2017,YR2017,141510583019.556
Iceland,ISL,2010,YR2010,13683689690.2042
Iceland,ISL,2011,YR2011,15158548261.0475
Iceland,ISL,2012,YR2012,14724078152.3141
Iceland,ISL,2013,YR2013,16033517406.48
Iceland,ISL,2014,YR2014,17758050018.9682
Iceland,ISL,2015,YR2015,17389101641.2758
Iceland,ISL,2016,YR2016,20618363255.7616
Iceland,ISL,2017,YR2017,24488176539.6549
India,IND,2010,YR2010,1675615335600.56
India,IND,2011,YR2011,1823050405350.42
India,IND,2012,YR2012,1827637859135.7
India,IND,2013,YR2013,1856722121394.53
India,IND,2014,YR2014,2039127446298.55
India,IND,2015,YR2015,2103587817041.78
India,IND,2016,YR2016,2294797978291.98
India,IND,2017,YR2017,2652754685834.59
Indonesia,IDN,2010,YR2010,755094160363.071
Indonesia,IDN,2011,YR2011,892969107923.094
Indonesia,IDN,2012,YR2012,917869910105.749
Indonesia,IDN,2013,YR2013,912524136718.018
Indonesia,IDN,2014,YR2014,890814755233.225
Indonesia,IDN,2015,YR2015,860854235065.079
Indonesia,IDN,2016,YR2016,931877364177.742
Indonesia,IDN,2017,YR2017,1015618742565.81
"Iran, Islamic Rep.",IRN,2010,YR2010,486807615326.147
"Iran, Islamic Rep.",IRN,2011,YR2011,580764902917.439
"Iran, Islamic Rep.",IRN,2012,YR2012,598868460912.847
"Iran, Islamic Rep.",IRN,2013,YR2013,460293149324.326
"Iran, Islamic Rep.",IRN,2014,YR2014,432687036177.818
"Iran, Islamic Rep.",IRN,2015,YR2015,384951479697.42
"Iran, Islamic Rep.",IRN,2016,YR2016,417983578231.417
"Iran, Islamic Rep.",IRN,2017,YR2017,445345282122.682
Iraq,IRQ,2010,YR2010,138516722649.573
Iraq,IRQ,2011,YR2011,185749664444.444
Iraq,IRQ,2012,YR2012,218000986222.639
Iraq,IRQ,2013,YR2013,234637674957.118
Iraq,IRQ,2014,YR2014,234648370497.427
Iraq,IRQ,2015,YR2015,177498577312.923
Iraq,IRQ,2016,YR2016,174878976033.937
Iraq,IRQ,2017,YR2017,195473049875.127
Ireland,IRL,2010,YR2010,222148757313.006
Ireland,IRL,2011,YR2011,237472361872.56
Ireland,IRL,2012,YR2012,224999484104.853
Ireland,IRL,2013,YR2013,238543538776.684
Ireland,IRL,2014,YR2014,258471885130.304
Ireland,IRL,2015,YR2015,291499812103.645
Ireland,IRL,2016,YR2016,300523297712.96
Ireland,IRL,2017,YR2017,335663113959.724
Isle of Man,IMN,2010,YR2010,5920177688.50433
Isle of Man,IMN,2011,YR2011,6566098381.6696
Isle of Man,IMN,2012,YR2012,6433357030.0158
Isle of Man,IMN,2013,YR2013,6754330154.76004
Isle of Man,IMN,2014,YR2014,7428280401.5139
Isle of Man,IMN,2015,YR2015,6792417112.29947
Isle of Man,IMN,2016,YR2016,6592627599.24386
Isle of Man,IMN,2017,YR2017,6770532818.53282
Israel,ISR,2010,YR2010,233995676194.679
Israel,ISR,2011,YR2011,261468634231.2
Israel,ISR,2012,YR2012,257180147032.142
Israel,ISR,2013,YR2013,292636164000.637
Israel,ISR,2014,YR2014,309558454718.866
Israel,ISR,2015,YR2015,299813121212.641
Israel,ISR,2016,YR2016,318950599017.506
Israel,ISR,2017,YR2017,353253406954.97
Italy,ITA,2010,YR2010,2134017843247.16
Italy,ITA,2011,YR2011,2291991045770.29
Italy,ITA,2012,YR2012,2087077032435.15
Italy,ITA,2013,YR2013,2141315327318.21
Italy,ITA,2014,YR2014,2159133919743.77
Italy,ITA,2015,YR2015,1835899237320.04
Italy,ITA,2016,YR2016,1875797463583.87
Italy,ITA,2017,YR2017,1961796197354.36
Jamaica,JAM,2010,YR2010,13220556882.7046
Jamaica,JAM,2011,YR2011,14444655299.8772
Jamaica,JAM,2012,YR2012,14807086889.2099
Jamaica,JAM,2013,YR2013,14262589157.7413
Jamaica,JAM,2014,YR2014,13897804560.3487
Jamaica,JAM,2015,YR2015,14187696311.3556
Jamaica,JAM,2016,YR2016,14075894320.3166
Jamaica,JAM,2017,YR2017,14806340821.0871
Japan,JPN,2010,YR2010,5700098114744.41
Japan,JPN,2011,YR2011,6157459594823.72
Japan,JPN,2012,YR2012,6203213121334.12
Japan,JPN,2013,YR2013,5155717056270.83
Japan,JPN,2014,YR2014,4850413536037.84
Japan,JPN,2015,YR2015,4389475622588.97
Japan,JPN,2016,YR2016,4922538141454.62
Japan,JPN,2017,YR2017,4866864409657.68
Jordan,JOR,2010,YR2010,26795901408.4507
Jordan,JOR,2011,YR2011,29244647887.324
Jordan,JOR,2012,YR2012,31371056338.0282
Jordan,JOR,2013,YR2013,34064873239.4366
Jordan,JOR,2014,YR2014,36329267605.6338
Jordan,JOR,2015,YR2015,38043450704.2253
Jordan,JOR,2016,YR2016,39196676056.338
Jordan,JOR,2017,YR2017,40708943661.9718
Kazakhstan,KAZ,2010,YR2010,148047348240.643
Kazakhstan,KAZ,2011,YR2011,192626507971.584
Kazakhstan,KAZ,2012,YR2012,207998568865.789
Kazakhstan,KAZ,2013,YR2013,236634552078.102
Kazakhstan,KAZ,2014,YR2014,221415572819.5
Kazakhstan,KAZ,2015,YR2015,184388432148.715
Kazakhstan,KAZ,2016,YR2016,137278320084.171
Kazakhstan,KAZ,2017,YR2017,166805800595.704
Kenya,KEN,2010,YR2010,40000088346.8041
Kenya,KEN,2011,YR2011,41953433591.4101
Kenya,KEN,2012,YR2012,50412754861.0191
Kenya,KEN,2013,YR2013,55096728047.9408
Kenya,KEN,2014,YR2014,61448046801.6041
Kenya,KEN,2015,YR2015,64007750169.3344
Kenya,KEN,2016,YR2016,69188755364.2995
Kenya,KEN,2017,YR2017,78965004656.1823
Kiribati,KIR,2010,YR2010,156120895.248578
Kiribati,KIR,2011,YR2011,181705002.578649
Kiribati,KIR,2012,YR2012,190243321.598675
Kiribati,KIR,2013,YR2013,185113921.606488
Kiribati,KIR,2014,YR2014,179703443.302686
Kiribati,KIR,2015,YR2015,171117872.436331
Kiribati,KIR,2016,YR2016,178328873.030033
Kiribati,KIR,2017,YR2017,187276210.91355
"Korea, Dem. People’s Rep.",PRK,2010,YR2010,..
"Korea, Dem. People’s Rep.",PRK,2011,YR2011,..
"Korea, Dem. People’s Rep.",PRK,2012,YR2012,..
"Korea, Dem. People’s Rep.",PRK,2013,YR2013,..
"Korea, Dem. People’s Rep.",PRK,2014,YR2014,..
"Korea, Dem. People’s Rep.",PRK,2015,YR2015,..
"Korea, Dem. People’s Rep.",PRK,2016,YR2016,..
"Korea, Dem. People’s Rep.",PRK,2017,YR2017,..
"Korea, Rep.",KOR,2010,YR2010,1144066965324.49
"Korea, Rep.",KOR,2011,YR2011,1253223044718.99
"Korea, Rep.",KOR,2012,YR2012,1278427634342.59
"Korea, Rep.",KOR,2013,YR2013,1370795199976.18
"Korea, Rep.",KOR,2014,YR2014,1484318219633.63
"Korea, Rep.",KOR,2015,YR2015,1465773245547.15
"Korea, Rep.",KOR,2016,YR2016,1500111596236.37
"Korea, Rep.",KOR,2017,YR2017,1623901496835.79
Kosovo,XKX,2010,YR2010,5835874320.56211
Kosovo,XKX,2011,YR2011,6701698218.26281
Kosovo,XKX,2012,YR2012,6499807272.26006
Kosovo,XKX,2013,YR2013,7074777526.896
Kosovo,XKX,2014,YR2014,7396705194.63266
Kosovo,XKX,2015,YR2015,6442915788.30578
Kosovo,XKX,2016,YR2016,6719172016.82533
Kosovo,XKX,2017,YR2017,7245707184.81699
Kuwait,KWT,2010,YR2010,115419399860.433
Kuwait,KWT,2011,YR2011,154068115942.029
Kuwait,KWT,2012,YR2012,174070382279.386
Kuwait,KWT,2013,YR2013,174161142454.161
Kuwait,KWT,2014,YR2014,162631412508.784
Kuwait,KWT,2015,YR2015,114567298105.683
Kuwait,KWT,2016,YR2016,109419728566.7
Kuwait,KWT,2017,YR2017,120707220573.689
Kyrgyz Republic,KGZ,2010,YR2010,4794357795.07139
Kyrgyz Republic,KGZ,2011,YR2011,6197766118.59856
Kyrgyz Republic,KGZ,2012,YR2012,6605139933.41063
Kyrgyz Republic,KGZ,2013,YR2013,7335027591.91628
Kyrgyz Republic,KGZ,2014,YR2014,7468096566.71158
Kyrgyz Republic,KGZ,2015,YR2015,6678178340.45121
Kyrgyz Republic,KGZ,2016,YR2016,6813092065.83507
Kyrgyz Republic,KGZ,2017,YR2017,7702934800.12836
Lao PDR,LAO,2010,YR2010,7127792629.58294
Lao PDR,LAO,2011,YR2011,8749241114.18913
Lao PDR,LAO,2012,YR2012,10191350119.6808
Lao PDR,LAO,2013,YR2013,11942230508.334
Lao PDR,LAO,2014,YR2014,13268458231.9284
Lao PDR,LAO,2015,YR2015,14390442307.3996
Lao PDR,LAO,2016,YR2016,15805692545.8723
Lao PDR,LAO,2017,YR2017,16853087485.4118
Latvia,LVA,2010,YR2010,23803906230.7479
Latvia,LVA,2011,YR2011,28490700600.9577
Latvia,LVA,2012,YR2012,28176625841.4665
Latvia,LVA,2013,YR2013,30272574650.3729
Latvia,LVA,2014,YR2014,31382780146.4181
Latvia,LVA,2015,YR2015,27090019662.7977
Latvia,LVA,2016,YR2016,27734140217.3664
Latvia,LVA,2017,YR2017,30273007510.3024
Lebanon,LBN,2010,YR2010,38443907042.3217
Lebanon,LBN,2011,YR2011,39927125961.194
Lebanon,LBN,2012,YR2012,44035991745.6716
Lebanon,LBN,2013,YR2013,46909335135.1244
Lebanon,LBN,2014,YR2014,48134486624.6103
Lebanon,LBN,2015,YR2015,49939374832.7031
Lebanon,LBN,2016,YR2016,51205122503.8143
Lebanon,LBN,2017,YR2017,53140638269.1211
Lesotho,LSO,2010,YR2010,2269525782.39635
Lesotho,LSO,2011,YR2011,2622336141.14515
Lesotho,LSO,2012,YR2012,2526185310.32097
Lesotho,LSO,2013,YR2013,2421470021.68562
Lesotho,LSO,2014,YR2014,2499803980.17361
Lesotho,LSO,2015,YR2015,2372280099.24153
Lesotho,LSO,2016,YR2016,2165408361.59639
Lesotho,LSO,2017,YR2017,2405289382.35938
Liberia,LBR,2010,YR2010,1998000000
Liberia,LBR,2011,YR2011,2398000000
Liberia,LBR,2012,YR2012,2721000000
Liberia,LBR,2013,YR2013,3067000000
Liberia,LBR,2014,YR2014,3144000000
Liberia,LBR,2015,YR2015,3177000000
Liberia,LBR,2016,YR2016,3277826000
Liberia,LBR,2017,YR2017,3285455000
Libya,LBY,2010,YR2010,74773444900.5368
Libya,LBY,2011,YR2011,34699395523.6073
Libya,LBY,2012,YR2012,81873662518.8238
Libya,LBY,2013,YR2013,65502870173.7831
Libya,LBY,2014,YR2014,41142722414.3351
Libya,LBY,2015,YR2015,27842131479.8726
Libya,LBY,2016,YR2016,26197143268.1243
Libya,LBY,2017,YR2017,37883243650.452
Liechtenstein,LIE,2010,YR2010,5082366478.08994
Liechtenstein,LIE,2011,YR2011,5739977477.47748
Liechtenstein,LIE,2012,YR2012,5456009384.66461
Liechtenstein,LIE,2013,YR2013,6391735893.83968
Liechtenstein,LIE,2014,YR2014,6657170923.37918
Liechtenstein,LIE,2015,YR2015,6268391521.19701
Liechtenstein,LIE,2016,YR2016,6237264055.20601
Liechtenstein,LIE,2017,YR2017,6552858738.70214
Lithuania,LTU,2010,YR2010,37034461707.2874
Lithuania,LTU,2011,YR2011,43466133144.1699
Lithuania,LTU,2012,YR2012,42842537129.1154
Lithuania,LTU,2013,YR2013,46442055803.7018
Lithuania,LTU,2014,YR2014,48526000845.3102
Lithuania,LTU,2015,YR2015,41392396557.6337
Lithuania,LTU,2016,YR2016,43021972484.8299
Lithuania,LTU,2017,YR2017,47750908128.259
Luxembourg,LUX,2010,YR2010,53212476812.2957
Luxembourg,LUX,2011,YR2011,60004630234.4135
Luxembourg,LUX,2012,YR2012,56677961787.0717
Luxembourg,LUX,2013,YR2013,61739352212.3049
Luxembourg,LUX,2014,YR2014,66103853236.7572
Luxembourg,LUX,2015,YR2015,57744457954.7297
Luxembourg,LUX,2016,YR2016,60691483443.1221
Luxembourg,LUX,2017,YR2017,64181944722.7283
"Macao SAR, China",MAC,2010,YR2010,28123640998.7253
"Macao SAR, China",MAC,2011,YR2011,36709860068.3445
"Macao SAR, China",MAC,2012,YR2012,43031577366.4251
"Macao SAR, China",MAC,2013,YR2013,51552075901.5183
"Macao SAR, China",MAC,2014,YR2014,55347998647.8196
"Macao SAR, China",MAC,2015,YR2015,45361678146.5247
"Macao SAR, China",MAC,2016,YR2016,45387299721.0792
"Macao SAR, China",MAC,2017,YR2017,50751059058.0613
Madagascar,MDG,2010,YR2010,9982711030.26388
Madagascar,MDG,2011,YR2011,11551821062.3334
Madagascar,MDG,2012,YR2012,11578978052.8789
Madagascar,MDG,2013,YR2013,12423557906.9182
Madagascar,MDG,2014,YR2014,12522959157.2295
Madagascar,MDG,2015,YR2015,11323023786.5698
Madagascar,MDG,2016,YR2016,11848615018.4138
Madagascar,MDG,2017,YR2017,13176313233.1978
Malawi,MWI,2010,YR2010,6959655570.89098
Malawi,MWI,2011,YR2011,8004000737.30717
Malawi,MWI,2012,YR2012,6028487928.83351
Malawi,MWI,2013,YR2013,5518880768.57955
Malawi,MWI,2014,YR2014,6047813437.31804
Malawi,MWI,2015,YR2015,6373212640.84604
Malawi,MWI,2016,YR2016,5433040159.88747
Malawi,MWI,2017,YR2017,6303292264.18905
Malaysia,MYS,2010,YR2010,255016609232.871
Malaysia,MYS,2011,YR2011,297951960784.314
Malaysia,MYS,2012,YR2012,314443149443.149
Malaysia,MYS,2013,YR2013,323277158906.979
Malaysia,MYS,2014,YR2014,338061963396.376
Malaysia,MYS,2015,YR2015,301354756113.174
Malaysia,MYS,2016,YR2016,301255454041.415
Malaysia,MYS,2017,YR2017,318958236443.122
Maldives,MDV,2010,YR2010,2588176054.6875
Maldives,MDV,2011,YR2011,2774351760.03287
Maldives,MDV,2012,YR2012,2886170571.69634
Maldives,MDV,2013,YR2013,3295011381.75405
Maldives,MDV,2014,YR2014,3697351596.83753
Maldives,MDV,2015,YR2015,4109424799.72407
Maldives,MDV,2016,YR2016,4379136461.83077
Maldives,MDV,2017,YR2017,4735989972.05433
Mali,MLI,2010,YR2010,10689167195.3375
Mali,MLI,2011,YR2011,12995074801.061
Mali,MLI,2012,YR2012,12441946098.4018
Mali,MLI,2013,YR2013,13242680701.3566
Mali,MLI,2014,YR2014,14365345530.0146
Mali,MLI,2015,YR2015,13104869674.2274
Mali,MLI,2016,YR2016,14020002871.0282
Mali,MLI,2017,YR2017,15375605991.6302
Malta,MLT,2010,YR2010,8749171417.20801
Malta,MLT,2011,YR2011,9515297914.81069
Malta,MLT,2012,YR2012,9205506528.33098
Malta,MLT,2013,YR2013,10153894646.0353
Malta,MLT,2014,YR2014,11302344157.0347
Malta,MLT,2015,YR2015,10682394998.3357
Malta,MLT,2016,YR2016,11444483133.7171
Malta,MLT,2017,YR2017,12747857570.0407
Marshall Islands,MHL,2010,YR2010,162164700
Marshall Islands,MHL,2011,YR2011,174332100
Marshall Islands,MHL,2012,YR2012,182874800
Marshall Islands,MHL,2013,YR2013,187707400
Marshall Islands,MHL,2014,YR2014,184689500
Marshall Islands,MHL,2015,YR2015,184599600
Marshall Islands,MHL,2016,YR2016,200558400
Marshall Islands,MHL,2017,YR2017,212881000
Mauritania,MRT,2010,YR2010,5628882266.37767
Mauritania,MRT,2011,YR2011,6764635686.79345
Mauritania,MRT,2012,YR2012,6728208836.22143
Mauritania,MRT,2013,YR2013,7223063169.72749
Mauritania,MRT,2014,YR2014,6592537781.81518
Mauritania,MRT,2015,YR2015,6166857628.62212
Mauritania,MRT,2016,YR2016,6398744505.08129
Mauritania,MRT,2017,YR2017,6758390728.71734
Mauritius,MUS,2010,YR2010,10003670690.3497
Mauritius,MUS,2011,YR2011,11518393367.2403
Mauritius,MUS,2012,YR2012,11668685524.1265
Mauritius,MUS,2013,YR2013,12129642296.4425
Mauritius,MUS,2014,YR2014,12803445933.5894
Mauritius,MUS,2015,YR2015,11692287066.381
Mauritius,MUS,2016,YR2016,12232463655.5727
Mauritius,MUS,2017,YR2017,13259351418.4459
Mexico,MEX,2010,YR2010,1057801295584.05
Mexico,MEX,2011,YR2011,1180489601957.61
Mexico,MEX,2012,YR2012,1201089987015.45
Mexico,MEX,2013,YR2013,1274443084716.57
Mexico,MEX,2014,YR2014,1314563967425.24
Mexico,MEX,2015,YR2015,1170564619927.69
Mexico,MEX,2016,YR2016,1077903618176.07
Mexico,MEX,2017,YR2017,1157736189998.15
"Micronesia, Fed. Sts.",FSM,2010,YR2010,296944100
"Micronesia, Fed. Sts.",FSM,2011,YR2011,311301600
"Micronesia, Fed. Sts.",FSM,2012,YR2012,327248700
"Micronesia, Fed. Sts.",FSM,2013,YR2013,317214400
"Micronesia, Fed. Sts.",FSM,2014,YR2014,319271200
"Micronesia, Fed. Sts.",FSM,2015,YR2015,316489900
"Micronesia, Fed. Sts.",FSM,2016,YR2016,332265200
"Micronesia, Fed. Sts.",FSM,2017,YR2017,366666800
Moldova,MDA,2010,YR2010,6974960345.3712
Moldova,MDA,2011,YR2011,8414360656.29632
Moldova,MDA,2012,YR2012,8709165249.26928
Moldova,MDA,2013,YR2013,9496684701.43325
Moldova,MDA,2014,YR2014,9510219299.49557
Moldova,MDA,2015,YR2015,7745231660.33425
Moldova,MDA,2016,YR2016,8071480540.86068
Moldova,MDA,2017,YR2017,9669759987.02633
Monaco,MCO,2010,YR2010,5367625613.15127
Monaco,MCO,2011,YR2011,6088808463.25167
Monaco,MCO,2012,YR2012,5743029680.07195
Monaco,MCO,2013,YR2013,6555983530.34932
Monaco,MCO,2014,YR2014,7069616048.89066
Monaco,MCO,2015,YR2015,6261622101.40908
Monaco,MCO,2016,YR2016,6472990923.1791
Monaco,MCO,2017,YR2017,6431314957.07185
Mongolia,MNG,2010,YR2010,7189481824.07288
Mongolia,MNG,2011,YR2011,10409797649.3063
Mongolia,MNG,2012,YR2012,12292770631.1967
Mongolia,MNG,2013,YR2013,12582122604.1921
Mongolia,MNG,2014,YR2014,12226514722.0861
Mongolia,MNG,2015,YR2015,11749620619.5962
Mongolia,MNG,2016,YR2016,11186734674.3847
Mongolia,MNG,2017,YR2017,11425755279.5254
Montenegro,MNE,2010,YR2010,4139192052.98013
Montenegro,MNE,2011,YR2011,4538199888.79622
Montenegro,MNE,2012,YR2012,4087725812.66864
Montenegro,MNE,2013,YR2013,4466039314.65002
Montenegro,MNE,2014,YR2014,4594024179.62003
Montenegro,MNE,2015,YR2015,4054712082.54743
Montenegro,MNE,2016,YR2016,4377033429.26721
Montenegro,MNE,2017,YR2017,4856632399.45775
Morocco,MAR,2010,YR2010,93216746661.5977
Morocco,MAR,2011,YR2011,101370474295.109
Morocco,MAR,2012,YR2012,98266306615.3632
Morocco,MAR,2013,YR2013,106825649872.108
Morocco,MAR,2014,YR2014,110081248587.369
Morocco,MAR,2015,YR2015,101179808076.36
Morocco,MAR,2016,YR2016,103311649248.024
Morocco,MAR,2017,YR2017,109714300453.983
Mozambique,MOZ,2010,YR2010,11087646867.9421
Mozambique,MOZ,2011,YR2011,14381552432.9494
Mozambique,MOZ,2012,YR2012,16350804543.0515
Mozambique,MOZ,2013,YR2013,16974320551.0213
Mozambique,MOZ,2014,YR2014,17716084107.5888
Mozambique,MOZ,2015,YR2015,15950969018.9458
Mozambique,MOZ,2016,YR2016,11936999283.1791
Mozambique,MOZ,2017,YR2017,13219084261.3664
Myanmar,MMR,2010,YR2010,49540813342.4834
Myanmar,MMR,2011,YR2011,59977326085.9908
Myanmar,MMR,2012,YR2012,59937797559.3295
Myanmar,MMR,2013,YR2013,60269734044.526
Myanmar,MMR,2014,YR2014,65446199787.8425
Myanmar,MMR,2015,YR2015,67822772707.1034
Myanmar,MMR,2016,YR2016,67184236746.5694
Myanmar,MMR,2017,YR2017,68945867477.6054
Namibia,NAM,2010,YR2010,11268186636.2905
Namibia,NAM,2011,YR2011,12343501808.2192
Namibia,NAM,2012,YR2012,13042007432.4489
Namibia,NAM,2013,YR2013,12011207761.9717
Namibia,NAM,2014,YR2014,12356482878.1968
Namibia,NAM,2015,YR2015,11272143550.2527
Namibia,NAM,2016,YR2016,10665634660.8833
Namibia,NAM,2017,YR2017,12741746433.6716
Nauru,NRU,2010,YR2010,47564520.3910861
Nauru,NRU,2011,YR2011,66055407.6703145
Nauru,NRU,2012,YR2012,96927201.4848422
Nauru,NRU,2013,YR2013,98491843.6441982
Nauru,NRU,2014,YR2014,104654365.188653
Nauru,NRU,2015,YR2015,86779266.1619103
Nauru,NRU,2016,YR2016,100087348.959092
Nauru,NRU,2017,YR2017,109585941.624557
Nepal,NPL,2010,YR2010,16002656434.4746
Nepal,NPL,2011,YR2011,18913574370.76
Nepal,NPL,2012,YR2012,18851513891.066
Nepal,NPL,2013,YR2013,19271168018.482
Nepal,NPL,2014,YR2014,20002968837.9471
Nepal,NPL,2015,YR2015,21410840908.5198
Nepal,NPL,2016,YR2016,21185922407.5922
Nepal,NPL,2017,YR2017,25180583770.2719
Netherlands,NLD,2010,YR2010,846554894931.084
Netherlands,NLD,2011,YR2011,904085980796.018
Netherlands,NLD,2012,YR2012,838971306990.906
Netherlands,NLD,2013,YR2013,876923518850.405
Netherlands,NLD,2014,YR2014,890981311077.658
Netherlands,NLD,2015,YR2015,765264949780.999
Netherlands,NLD,2016,YR2016,783528181704.567
Netherlands,NLD,2017,YR2017,833869641687.06
New Caledonia,NCL,2010,YR2010,..
New Caledonia,NCL,2011,YR2011,..
New Caledonia,NCL,2012,YR2012,..
New Caledonia,NCL,2013,YR2013,..
New Caledonia,NCL,2014,YR2014,..
New Caledonia,NCL,2015,YR2015,..
New Caledonia,NCL,2016,YR2016,..
New Caledonia,NCL,2017,YR2017,..
New Zealand,NZL,2010,YR2010,146619138358.948
New Zealand,NZL,2011,YR2011,168510189201.494
New Zealand,NZL,2012,YR2012,176247979235.906
New Zealand,NZL,2013,YR2013,190845889949.764
New Zealand,NZL,2014,YR2014,200921936786.219
New Zealand,NZL,2015,YR2015,177467529071.288
New Zealand,NZL,2016,YR2016,188223664746.524
New Zealand,NZL,2017,YR2017,205415864857.984
Nicaragua,NIC,2010,YR2010,8758639096.47693
Nicaragua,NIC,2011,YR2011,9774262741.75783
Nicaragua,NIC,2012,YR2012,10531964139.3486
Nicaragua,NIC,2013,YR2013,10982979274.1922
Nicaragua,NIC,2014,YR2014,11880472593.2147
Nicaragua,NIC,2015,YR2015,12756706583.3113
Nicaragua,NIC,2016,YR2016,13286048705.496
Nicaragua,NIC,2017,YR2017,13785943183.0661
Niger,NER,2010,YR2010,7792421015.52066
Niger,NER,2011,YR2011,8701085756.22749
Niger,NER,2012,YR2012,9366515965.17374
Niger,NER,2013,YR2013,10156855203.7509
Niger,NER,2014,YR2014,10815312544.1118
Niger,NER,2015,YR2015,9667589437.27909
Niger,NER,2016,YR2016,10284627189.6492
Niger,NER,2017,YR2017,11166063886.8555
Nigeria,NGA,2010,YR2010,363359886203.409
Nigeria,NGA,2011,YR2011,410334579160.752
Nigeria,NGA,2012,YR2012,459376049763.999
Nigeria,NGA,2013,YR2013,514966287334.277
Nigeria,NGA,2014,YR2014,568498937615.656
Nigeria,NGA,2015,YR2015,494583180777.103
Nigeria,NGA,2016,YR2016,404649527537.753
Nigeria,NGA,2017,YR2017,375745486520.656
North Macedonia,MKD,2010,YR2010,9407168702.4313
North Macedonia,MKD,2011,YR2011,10494632699.3859
North Macedonia,MKD,2012,YR2012,9745251126.0109
North Macedonia,MKD,2013,YR2013,10817712138.9451
North Macedonia,MKD,2014,YR2014,11362272837.8818
North Macedonia,MKD,2015,YR2015,10064515432.0265
North Macedonia,MKD,2016,YR2016,10672471860.7184
North Macedonia,MKD,2017,YR2017,11307058382.3435
Northern Mariana Islands,MNP,2010,YR2010,799000000
Northern Mariana Islands,MNP,2011,YR2011,733000000
Northern Mariana Islands,MNP,2012,YR2012,751000000
Northern Mariana Islands,MNP,2013,YR2013,782000000
Northern Mariana Islands,MNP,2014,YR2014,845000000
Northern Mariana Islands,MNP,2015,YR2015,931000000
Northern Mariana Islands,MNP,2016,YR2016,1250000000
Northern Mariana Islands,MNP,2017,YR2017,1601000000
Norway,NOR,2010,YR2010,428757038466.841
Norway,NOR,2011,YR2011,498283438454.281
Norway,NOR,2012,YR2012,509506317146.541
Norway,NOR,2013,YR2013,522761531914.894
Norway,NOR,2014,YR2014,498410050251.256
Norway,NOR,2015,YR2015,385801550067.169
Norway,NOR,2016,YR2016,368819929542.194
Norway,NOR,2017,YR2017,398393955268.99
Oman,OMN,2010,YR2010,57048114434.3303
Oman,OMN,2011,YR2011,68016905071.5215
Oman,OMN,2012,YR2012,76615864759.4278
Oman,OMN,2013,YR2013,78784395318.5956
Oman,OMN,2014,YR2014,81076462938.8817
Oman,OMN,2015,YR2015,68400260078.0234
Oman,OMN,2016,YR2016,65481144343.303
Oman,OMN,2017,YR2017,70600000000
Pakistan,PAK,2010,YR2010,177165635077.065
Pakistan,PAK,2011,YR2011,213587413183.996
Pakistan,PAK,2012,YR2012,224383620829.57
Pakistan,PAK,2013,YR2013,231218567178.979
Pakistan,PAK,2014,YR2014,244360888750.807
Pakistan,PAK,2015,YR2015,270556131701.171
Pakistan,PAK,2016,YR2016,278654637737.69
Pakistan,PAK,2017,YR2017,304567253219.097
Palau,PLW,2010,YR2010,183498800
Palau,PLW,2011,YR2011,193143900
Palau,PLW,2012,YR2012,211103300
Palau,PLW,2013,YR2013,223388400
Palau,PLW,2014,YR2014,243147000
Palau,PLW,2015,YR2015,280376100
Palau,PLW,2016,YR2016,300125600
Palau,PLW,2017,YR2017,286321800
Panama,PAN,2010,YR2010,29440300000
Panama,PAN,2011,YR2011,34686200000
Panama,PAN,2012,YR2012,40429700000
Panama,PAN,2013,YR2013,45600000000
Panama,PAN,2014,YR2014,49921500000
Panama,PAN,2015,YR2015,54091700000
Panama,PAN,2016,YR2016,57907700000
Panama,PAN,2017,YR2017,62219000000
Papua New Guinea,PNG,2010,YR2010,14250755231.1257
Papua New Guinea,PNG,2011,YR2011,17984910501.8979
Papua New Guinea,PNG,2012,YR2012,21295659243.6168
Papua New Guinea,PNG,2013,YR2013,21261432791.2675
Papua New Guinea,PNG,2014,YR2014,23210682538.3928
Papua New Guinea,PNG,2015,YR2015,21723531173.2409
Papua New Guinea,PNG,2016,YR2016,20759069103.0961
Papua New Guinea,PNG,2017,YR2017,22742613553.6879
Paraguay,PRY,2010,YR2010,27215968615.5548
Paraguay,PRY,2011,YR2011,33715524703.9288
Paraguay,PRY,2012,YR2012,33283228891.0923
Paraguay,PRY,2013,YR2013,38585317742.981
Paraguay,PRY,2014,YR2014,40276532540.8812
Paraguay,PRY,2015,YR2015,36164068797.2511
Paraguay,PRY,2016,YR2016,36054281572.3981
Paraguay,PRY,2017,YR2017,39008900331.6733
Peru,PER,2010,YR2010,147528937028.778
Peru,PER,2011,YR2011,171761737046.585
Peru,PER,2012,YR2012,192648999090.082
Peru,PER,2013,YR2013,201175469114.327
Peru,PER,2014,YR2014,200789362451.567
Peru,PER,2015,YR2015,189805300841.603
Peru,PER,2016,YR2016,191895943823.887
Peru,PER,2017,YR2017,211007207483.515
Philippines,PHL,2010,YR2010,208368892318.654
Philippines,PHL,2011,YR2011,234216730703.492
Philippines,PHL,2012,YR2012,261920542606.121
Philippines,PHL,2013,YR2013,283902829720.159
Philippines,PHL,2014,YR2014,297483553299.475
Philippines,PHL,2015,YR2015,306445871631.483
Philippines,PHL,2016,YR2016,318627003965.493
Philippines,PHL,2017,YR2017,328480738147.729
Poland,POL,2010,YR2010,479321460551.189
Poland,POL,2011,YR2011,528832185770.217
Poland,POL,2012,YR2012,500360816827.883
Poland,POL,2013,YR2013,524234322596.975
Poland,POL,2014,YR2014,545389126644.476
Poland,POL,2015,YR2015,477581376840.43
Poland,POL,2016,YR2016,472037130972.913
Poland,POL,2017,YR2017,526380811261.345
Portugal,PRT,2010,YR2010,237880908317.652
Portugal,PRT,2011,YR2011,244797226567.109
Portugal,PRT,2012,YR2012,216236608773.976
Portugal,PRT,2013,YR2013,226369502104.236
Portugal,PRT,2014,YR2014,229596170846.995
Portugal,PRT,2015,YR2015,199313894327.486
Portugal,PRT,2016,YR2016,206286022781.894
Portugal,PRT,2017,YR2017,221357874718.93
Puerto Rico,PRI,2010,YR2010,98381300000
Puerto Rico,PRI,2011,YR2011,100351700000
Puerto Rico,PRI,2012,YR2012,101564800000
Puerto Rico,PRI,2013,YR2013,102450000000
Puerto Rico,PRI,2014,YR2014,102445800000
Puerto Rico,PRI,2015,YR2015,103375500000
Puerto Rico,PRI,2016,YR2016,104336700000
Puerto Rico,PRI,2017,YR2017,103445500000
Qatar,QAT,2010,YR2010,125122306346.154
Qatar,QAT,2011,YR2011,167775274725.275
Qatar,QAT,2012,YR2012,186833516483.516
Qatar,QAT,2013,YR2013,198727747252.747
Qatar,QAT,2014,YR2014,206224725274.725
Qatar,QAT,2015,YR2015,161739835164.835
Qatar,QAT,2016,YR2016,151732142857.143
Qatar,QAT,2017,YR2017,166928571428.571
Romania,ROU,2010,YR2010,166225180150.414
Romania,ROU,2011,YR2011,183443154234.731
Romania,ROU,2012,YR2012,171196268957.961
Romania,ROU,2013,YR2013,190949066979.176
Romania,ROU,2014,YR2014,199626806401.529
Romania,ROU,2015,YR2015,177893451831.141
Romania,ROU,2016,YR2016,188494136775.719
Romania,ROU,2017,YR2017,211695422578.655
Russian Federation,RUS,2010,YR2010,1524917468442.01
Russian Federation,RUS,2011,YR2011,2045925608274.37
Russian Federation,RUS,2012,YR2012,2208295773643.15
Russian Federation,RUS,2013,YR2013,2292473246621.08
Russian Federation,RUS,2014,YR2014,2059241965490.83
Russian Federation,RUS,2015,YR2015,1363481063446.77
Russian Federation,RUS,2016,YR2016,1276786979221.81
Russian Federation,RUS,2017,YR2017,1574199387070.9
Rwanda,RWA,2010,YR2010,6147525366.94591
Rwanda,RWA,2011,YR2011,6912074082.15636
Rwanda,RWA,2012,YR2012,7687521844.14299
Rwanda,RWA,2013,YR2013,7851127991.63672
Rwanda,RWA,2014,YR2014,8279481014.99175
Rwanda,RWA,2015,YR2015,8582588882.60989
Rwanda,RWA,2016,YR2016,8734161827.57353
Rwanda,RWA,2017,YR2017,9253098954.27769
Samoa,WSM,2010,YR2010,663161517.850106
Samoa,WSM,2011,YR2011,737401692.217475
Samoa,WSM,2012,YR2012,760549587.136028
Samoa,WSM,2013,YR2013,770021663.967789
Samoa,WSM,2014,YR2014,756919917.334022
Samoa,WSM,2015,YR2015,788307330.55567
Samoa,WSM,2016,YR2016,799376439.530168
Samoa,WSM,2017,YR2017,831903809.749172
San Marino,SMR,2010,YR2010,1881214370.93994
San Marino,SMR,2011,YR2011,1813752783.96437
San Marino,SMR,2012,YR2012,1604779647.95066
San Marino,SMR,2013,YR2013,1678841811.66158
San Marino,SMR,2014,YR2014,1673973694.69908
San Marino,SMR,2015,YR2015,1419061355.81937
San Marino,SMR,2016,YR2016,1468895284.48085
San Marino,SMR,2017,YR2017,1528468142.79259
Sao Tome and Principe,STP,2010,YR2010,197454066.794244
Sao Tome and Principe,STP,2011,YR2011,233213982.942648
Sao Tome and Principe,STP,2012,YR2012,252560781.187724
Sao Tome and Principe,STP,2013,YR2013,302924710.0271
Sao Tome and Principe,STP,2014,YR2014,348941715.764849
Sao Tome and Principe,STP,2015,YR2015,318266475.3334
Sao Tome and Principe,STP,2016,YR2016,347544771.975132
Sao Tome and Principe,STP,2017,YR2017,375040835.10034
Saudi Arabia,SAU,2010,YR2010,528207200000
Saudi Arabia,SAU,2011,YR2011,671238840106.667
Saudi Arabia,SAU,2012,YR2012,735974843360
Saudi Arabia,SAU,2013,YR2013,746647127413.333
Saudi Arabia,SAU,2014,YR2014,756350347333.334
Saudi Arabia,SAU,2015,YR2015,654269902880
Saudi Arabia,SAU,2016,YR2016,644935541440
Saudi Arabia,SAU,2017,YR2017,688586133333.333
Senegal,SEN,2010,YR2010,16230887978.4994
Senegal,SEN,2011,YR2011,17902207621.6248
Senegal,SEN,2012,YR2012,17824398468.8858
Senegal,SEN,2013,YR2013,18965572150.2913
Senegal,SEN,2014,YR2014,19797254643.1212
Senegal,SEN,2015,YR2015,17774766636.0459
Senegal,SEN,2016,YR2016,19040312815.1337
Senegal,SEN,2017,YR2017,20996564751.5994
Serbia,SRB,2010,YR2010,41819468691.8251
Serbia,SRB,2011,YR2011,49258136128.9672
Serbia,SRB,2012,YR2012,43309252921.0567
Serbia,SRB,2013,YR2013,48394238300.4008
Serbia,SRB,2014,YR2014,47062205546.5
Serbia,SRB,2015,YR2015,39628549949.7295
Serbia,SRB,2016,YR2016,40630392018.541
Serbia,SRB,2017,YR2017,44120425319.8576
Seychelles,SYC,2010,YR2010,969936525.298729
Seychelles,SYC,2011,YR2011,1065826669.89742
Seychelles,SYC,2012,YR2012,1060226125.62616
Seychelles,SYC,2013,YR2013,1328157608.83087
Seychelles,SYC,2014,YR2014,1343007841.37616
Seychelles,SYC,2015,YR2015,1377495052.12916
Seychelles,SYC,2016,YR2016,1426651766.47613
Seychelles,SYC,2017,YR2017,1524486801.19044
Sierra Leone,SLE,2010,YR2010,2578026297.15912
Sierra Leone,SLE,2011,YR2011,2942546781.04548
Sierra Leone,SLE,2012,YR2012,3801862611.36414
Sierra Leone,SLE,2013,YR2013,4920343194.99339
Sierra Leone,SLE,2014,YR2014,5015157815.73406
Sierra Leone,SLE,2015,YR2015,4218723875.1379
Sierra Leone,SLE,2016,YR2016,3674794530.18956
Sierra Leone,SLE,2017,YR2017,3739577973.23943
Singapore,SGP,2010,YR2010,239809387605.427
Singapore,SGP,2011,YR2011,279351168707.267
Singapore,SGP,2012,YR2012,295087220933.024
Singapore,SGP,2013,YR2013,307576360584.992
Singapore,SGP,2014,YR2014,314851156183.411
Singapore,SGP,2015,YR2015,308004146057.608
Singapore,SGP,2016,YR2016,318652334419.11
Singapore,SGP,2017,YR2017,341863349989.138
Sint Maarten (Dutch part),SXM,2010,YR2010,..
Sint Maarten (Dutch part),SXM,2011,YR2011,..
Sint Maarten (Dutch part),SXM,2012,YR2012,..
Sint Maarten (Dutch part),SXM,2013,YR2013,..
Sint Maarten (Dutch part),SXM,2014,YR2014,..
Sint Maarten (Dutch part),SXM,2015,YR2015,..
Sint Maarten (Dutch part),SXM,2016,YR2016,..
Sint Maarten (Dutch part),SXM,2017,YR2017,..
Slovak Republic,SVK,2010,YR2010,90183986821.6439
Slovak Republic,SVK,2011,YR2011,98997521242.3941
Slovak Republic,SVK,2012,YR2012,94416582465.2848
Slovak Republic,SVK,2013,YR2013,98723944143.6938
Slovak Republic,SVK,2014,YR2014,101171217100.824
Slovak Republic,SVK,2015,YR2015,88457167724.277
Slovak Republic,SVK,2016,YR2016,89640616270.8866
Slovak Republic,SVK,2017,YR2017,95481955557.6908
Slovenia,SVN,2010,YR2010,48161250935.0166
Slovenia,SVN,2011,YR2011,51516367349.8866
Slovenia,SVN,2012,YR2012,46580457470.2769
Slovenia,SVN,2013,YR2013,48401896409.9842
Slovenia,SVN,2014,YR2014,49930685013.4603
Slovenia,SVN,2015,YR2015,43090173061.9713
Slovenia,SVN,2016,YR2016,44651537259.9731
Slovenia,SVN,2017,YR2017,48561672400.8437
Solomon Islands,SLB,2010,YR2010,681151193.502387
Solomon Islands,SLB,2011,YR2011,932725583.343148
Solomon Islands,SLB,2012,YR2012,1063879445.83424
Solomon Islands,SLB,2013,YR2013,1129787198.20326
Solomon Islands,SLB,2014,YR2014,1172268300.95047
Solomon Islands,SLB,2015,YR2015,1154650068.85921
Solomon Islands,SLB,2016,YR2016,1230459714.14912
Solomon Islands,SLB,2017,YR2017,1309631133.19979
Somalia,SOM,2010,YR2010,..
Somalia,SOM,2011,YR2011,..
Somalia,SOM,2012,YR2012,..
Somalia,SOM,2013,YR2013,..
Somalia,SOM,2014,YR2014,..
Somalia,SOM,2015,YR2015,..
Somalia,SOM,2016,YR2016,..
Somalia,SOM,2017,YR2017,..
South Africa,ZAF,2010,YR2010,375349442837.24
South Africa,ZAF,2011,YR2011,416418874936.304
South Africa,ZAF,2012,YR2012,396332702639.496
South Africa,ZAF,2013,YR2013,366829390478.954
South Africa,ZAF,2014,YR2014,350904575292.317
South Africa,ZAF,2015,YR2015,317620522794.827
South Africa,ZAF,2016,YR2016,296357282715.109
South Africa,ZAF,2017,YR2017,349554116683.818
South Sudan,SSD,2010,YR2010,14602072410.9506
South Sudan,SSD,2011,YR2011,14907308932.7534
South Sudan,SSD,2012,YR2012,11931472169.4915
South Sudan,SSD,2013,YR2013,18426469016.9492
South Sudan,SSD,2014,YR2014,13962212847.4576
South Sudan,SSD,2015,YR2015,11997800760.2242
South Sudan,SSD,2016,YR2016,..
South Sudan,SSD,2017,YR2017,..
Spain,ESP,2010,YR2010,1420722034063
Spain,ESP,2011,YR2011,1478772824224.03
Spain,ESP,2012,YR2012,1324820091194.67
Spain,ESP,2013,YR2013,1354757433212.72
Spain,ESP,2014,YR2014,1369398844599.58
Spain,ESP,2015,YR2015,1195119269971.52
Spain,ESP,2016,YR2016,1232076017361.53
Spain,ESP,2017,YR2017,1312551705955.3
Sri Lanka,LKA,2010,YR2010,56725749221.9043
Sri Lanka,LKA,2011,YR2011,65292753005.4664
Sri Lanka,LKA,2012,YR2012,68434409315.1123
Sri Lanka,LKA,2013,YR2013,74317806538.3632
Sri Lanka,LKA,2014,YR2014,79356449840.5771
Sri Lanka,LKA,2015,YR2015,80604080688.5775
Sri Lanka,LKA,2016,YR2016,82401038709.5356
Sri Lanka,LKA,2017,YR2017,87428125557.573
St. Kitts and Nevis,KNA,2010,YR2010,760177777.777778
St. Kitts and Nevis,KNA,2011,YR2011,817762962.962963
St. Kitts and Nevis,KNA,2012,YR2012,800422222.222222
St. Kitts and Nevis,KNA,2013,YR2013,839770370.37037
St. Kitts and Nevis,KNA,2014,YR2014,916574074.074074
St. Kitts and Nevis,KNA,2015,YR2015,923155555.555555
St. Kitts and Nevis,KNA,2016,YR2016,971162962.962963
St. Kitts and Nevis,KNA,2017,YR2017,996937037.037037
St. Lucia,LCA,2010,YR2010,1486758037.03704
St. Lucia,LCA,2011,YR2011,1576988407.40741
St. Lucia,LCA,2012,YR2012,1605146777.77778
St. Lucia,LCA,2013,YR2013,1664816740.74074
St. Lucia,LCA,2014,YR2014,1755130814.81481
St. Lucia,LCA,2015,YR2015,1808079888.88889
St. Lucia,LCA,2016,YR2016,1865375222.22222
St. Lucia,LCA,2017,YR2017,1999090407.40741
St. Martin (French part),MAF,2010,YR2010,..
St. Martin (French part),MAF,2011,YR2011,..
St. Martin (French part),MAF,2012,YR2012,..
St. Martin (French part),MAF,2013,YR2013,..
St. Martin (French part),MAF,2014,YR2014,..
St. Martin (French part),MAF,2015,YR2015,..
St. Martin (French part),MAF,2016,YR2016,..
St. Martin (French part),MAF,2017,YR2017,..
St. Vincent and the Grenadines,VCT,2010,YR2010,681225925.925926
St. Vincent and the Grenadines,VCT,2011,YR2011,676129629.62963
St. Vincent and the Grenadines,VCT,2012,YR2012,692933333.333333
St. Vincent and the Grenadines,VCT,2013,YR2013,721207407.407407
St. Vincent and the Grenadines,VCT,2014,YR2014,727714814.814815
St. Vincent and the Grenadines,VCT,2015,YR2015,755400000
St. Vincent and the Grenadines,VCT,2016,YR2016,774429629.62963
St. Vincent and the Grenadines,VCT,2017,YR2017,792177777.777778
Sudan,SDN,2010,YR2010,61739815526.5181
Sudan,SDN,2011,YR2011,57891984839.8169
Sudan,SDN,2012,YR2012,52766720138.7383
Sudan,SDN,2013,YR2013,57730424385.3149
Sudan,SDN,2014,YR2014,64941775064.7633
Sudan,SDN,2015,YR2015,74294471279.4565
Sudan,SDN,2016,YR2016,51772232494.854
Sudan,SDN,2017,YR2017,45379127306.436
Suriname,SUR,2010,YR2010,4368398047.64333
Suriname,SUR,2011,YR2011,4422276621.78703
Suriname,SUR,2012,YR2012,4980000000
Suriname,SUR,2013,YR2013,5145757575.75758
Suriname,SUR,2014,YR2014,5240606060.60606
Suriname,SUR,2015,YR2015,4787367928.11777
Suriname,SUR,2016,YR2016,3128953536.91038
Suriname,SUR,2017,YR2017,3210064505.78949
Sweden,SWE,2010,YR2010,495812558843.31
Sweden,SWE,2011,YR2011,574094112972.733
Sweden,SWE,2012,YR2012,552483727282.802
Sweden,SWE,2013,YR2013,586841821796.891
Sweden,SWE,2014,YR2014,581964017237.095
Sweden,SWE,2015,YR2015,505103781349.757
Sweden,SWE,2016,YR2016,515654671469.547
Sweden,SWE,2017,YR2017,541018749769.097
Switzerland,CHE,2010,YR2010,583782977866.405
Switzerland,CHE,2011,YR2011,699579638638.226
Switzerland,CHE,2012,YR2012,668043614122.87
Switzerland,CHE,2013,YR2013,688504173431.454
Switzerland,CHE,2014,YR2014,709182559935.301
Switzerland,CHE,2015,YR2015,679832291693.257
Switzerland,CHE,2016,YR2016,671309197376.701
Switzerland,CHE,2017,YR2017,679950482029.061
Syrian Arab Republic,SYR,2010,YR2010,..
Syrian Arab Republic,SYR,2011,YR2011,..
Syrian Arab Republic,SYR,2012,YR2012,..
Syrian Arab Republic,SYR,2013,YR2013,..
Syrian Arab Republic,SYR,2014,YR2014,..
Syrian Arab Republic,SYR,2015,YR2015,..
Syrian Arab Republic,SYR,2016,YR2016,..
Syrian Arab Republic,SYR,2017,YR2017,..
Tajikistan,TJK,2010,YR2010,5642178579.58438
Tajikistan,TJK,2011,YR2011,6522732202.50748
Tajikistan,TJK,2012,YR2012,7633049792.09321
Tajikistan,TJK,2013,YR2013,8448469837.53831
Tajikistan,TJK,2014,YR2014,9112544556.05962
Tajikistan,TJK,2015,YR2015,7854602391.65355
Tajikistan,TJK,2016,YR2016,6952678127.03396
Tajikistan,TJK,2017,YR2017,7157865188.25222
Tanzania,TZA,2010,YR2010,32014249841.4151
Tanzania,TZA,2011,YR2011,34657139495.4031
Tanzania,TZA,2012,YR2012,39650530214.3287
Tanzania,TZA,2013,YR2013,45680532613.7591
Tanzania,TZA,2014,YR2014,49964788814.0927
Tanzania,TZA,2015,YR2015,47378599025.3044
Tanzania,TZA,2016,YR2016,49774021003.0747
Tanzania,TZA,2017,YR2017,53320625958.5628
Thailand,THA,2010,YR2010,341104820155.464
Thailand,THA,2011,YR2011,370819140946.553
Thailand,THA,2012,YR2012,397558222957.17
Thailand,THA,2013,YR2013,420333203150.426
Thailand,THA,2014,YR2014,407339361695.577
Thailand,THA,2015,YR2015,401295941041.296
Thailand,THA,2016,YR2016,413430123185.367
Thailand,THA,2017,YR2017,456294704152.647
Timor-Leste,TLS,2010,YR2010,881825544.160551
Timor-Leste,TLS,2011,YR2011,1054725856.53067
Timor-Leste,TLS,2012,YR2012,1147780082.92982
Timor-Leste,TLS,2013,YR2013,1395525350.39395
Timor-Leste,TLS,2014,YR2014,1447312263.557
Timor-Leste,TLS,2015,YR2015,1596658766.71165
Timor-Leste,TLS,2016,YR2016,1656039024.02723
Timor-Leste,TLS,2017,YR2017,1609669330.12439
Togo,TGO,2010,YR2010,3429461495.41335
Togo,TGO,2011,YR2011,3872459249.74631
Togo,TGO,2012,YR2012,3873308389.30006
Togo,TGO,2013,YR2013,4321655656.33177
Togo,TGO,2014,YR2014,4574986536.90791
Togo,TGO,2015,YR2015,4180866177.03946
Togo,TGO,2016,YR2016,4486979198.3066
Togo,TGO,2017,YR2017,4819949975.18151
Tonga,TON,2010,YR2010,369485198.817979
Tonga,TON,2011,YR2011,423011844.331641
Tonga,TON,2012,YR2012,472358251.224261
Tonga,TON,2013,YR2013,450686353.674011
Tonga,TON,2014,YR2014,443911052.254042
Tonga,TON,2015,YR2015,435438217.281663
Tonga,TON,2016,YR2016,401109307.359307
Tonga,TON,2017,YR2017,430174168.740104
Trinidad and Tobago,TTO,2010,YR2010,22157948396.2042
Trinidad and Tobago,TTO,2011,YR2011,25433011405.3017
Trinidad and Tobago,TTO,2012,YR2012,25763220107.0051
Trinidad and Tobago,TTO,2013,YR2013,27268478564.5547
Trinidad and Tobago,TTO,2014,YR2014,27615843098.0949
Trinidad and Tobago,TTO,2015,YR2015,25062893969.3292
Trinidad and Tobago,TTO,2016,YR2016,22284780326.8856
Trinidad and Tobago,TTO,2017,YR2017,22474828527.1775
Tunisia,TUN,2010,YR2010,44050929160.2627
Tunisia,TUN,2011,YR2011,45810626509.4474
Tunisia,TUN,2012,YR2012,45044112939.3687
Tunisia,TUN,2013,YR2013,46251061734.4741
Tunisia,TUN,2014,YR2014,47632326088.237
Tunisia,TUN,2015,YR2015,43173480831.9739
Tunisia,TUN,2016,YR2016,41801210428.3054
Tunisia,TUN,2017,YR2017,39802430354.6334
Turkey,TUR,2010,YR2010,771901768898.057
Turkey,TUR,2011,YR2011,832523680895.522
Turkey,TUR,2012,YR2012,873982246603.563
Turkey,TUR,2013,YR2013,950579413121.126
Turkey,TUR,2014,YR2014,934185915375.828
Turkey,TUR,2015,YR2015,859796872683.823
Turkey,TUR,2016,YR2016,863721648058.011
Turkey,TUR,2017,YR2017,852676779693.539
Turkmenistan,TKM,2010,YR2010,22583157894.7368
Turkmenistan,TKM,2011,YR2011,29233333333.3333
Turkmenistan,TKM,2012,YR2012,35164210526.3158
Turkmenistan,TKM,2013,YR2013,39197543859.6491
Turkmenistan,TKM,2014,YR2014,43524210526.3158
Turkmenistan,TKM,2015,YR2015,35799714285.7143
Turkmenistan,TKM,2016,YR2016,36180000000
Turkmenistan,TKM,2017,YR2017,37926285714.2857
Turks and Caicos Islands,TCA,2010,YR2010,686787810
Turks and Caicos Islands,TCA,2011,YR2011,728789570
Turks and Caicos Islands,TCA,2012,YR2012,715722770
Turks and Caicos Islands,TCA,2013,YR2013,740776770
Turks and Caicos Islands,TCA,2014,YR2014,823968140
Turks and Caicos Islands,TCA,2015,YR2015,893501650
Turks and Caicos Islands,TCA,2016,YR2016,950357510
Turks and Caicos Islands,TCA,2017,YR2017,962525840
Tuvalu,TUV,2010,YR2010,31823518.6204366
Tuvalu,TUV,2011,YR2011,38711810.2114492
Tuvalu,TUV,2012,YR2012,37671774.6945537
Tuvalu,TUV,2013,YR2013,37509075.1110253
Tuvalu,TUV,2014,YR2014,37290607.5356048
Tuvalu,TUV,2015,YR2015,35492074.2243257
Tuvalu,TUV,2016,YR2016,36547799.583705
Tuvalu,TUV,2017,YR2017,40619251.9926426
Uganda,UGA,2010,YR2010,26457287917.7801
Uganda,UGA,2011,YR2011,27646526401.817
Uganda,UGA,2012,YR2012,27084639297.0817
Uganda,UGA,2013,YR2013,28681464765.3339
Uganda,UGA,2014,YR2014,32348119639.0743
Uganda,UGA,2015,YR2015,32124730770.8086
Uganda,UGA,2016,YR2016,28967460676.8252
Uganda,UGA,2017,YR2017,30756466548.0543
Ukraine,UKR,2010,YR2010,136013155905.036
Ukraine,UKR,2011,YR2011,163159671670.265
Ukraine,UKR,2012,YR2012,175781379051.433
Ukraine,UKR,2013,YR2013,183310146378.081
Ukraine,UKR,2014,YR2014,133503411375.739
Ukraine,UKR,2015,YR2015,91030959454.6961
Ukraine,UKR,2016,YR2016,93355993628.5042
Ukraine,UKR,2017,YR2017,112190355158.178
United Arab Emirates,ARE,2010,YR2010,289787338325.391
United Arab Emirates,ARE,2011,YR2011,350666031313.819
United Arab Emirates,ARE,2012,YR2012,374590605854.323
United Arab Emirates,ARE,2013,YR2013,390107556160.654
United Arab Emirates,ARE,2014,YR2014,403137100068.074
United Arab Emirates,ARE,2015,YR2015,358135057862.492
United Arab Emirates,ARE,2016,YR2016,357045064669.843
United Arab Emirates,ARE,2017,YR2017,385605506854.881
United Kingdom,GBR,2010,YR2010,2475244321361.11
United Kingdom,GBR,2011,YR2011,2659310054646.23
United Kingdom,GBR,2012,YR2012,2704887678386.72
United Kingdom,GBR,2013,YR2013,2786022872706.81
United Kingdom,GBR,2014,YR2014,3063803240208.01
United Kingdom,GBR,2015,YR2015,2928591002002.51
United Kingdom,GBR,2016,YR2016,2694283209613.29
United Kingdom,GBR,2017,YR2017,2666229179958.01
United States,USA,2010,YR2010,14992052727000
United States,USA,2011,YR2011,15542581104000
United States,USA,2012,YR2012,16197007349000
United States,USA,2013,YR2013,16784849190000
United States,USA,2014,YR2014,17521746534000
United States,USA,2015,YR2015,18219297584000
United States,USA,2016,YR2016,18707188235000
United States,USA,2017,YR2017,19485393853000
Uruguay,URY,2010,YR2010,40284481651.9021
Uruguay,URY,2011,YR2011,47962439303.7247
Uruguay,URY,2012,YR2012,51264390116.4909
Uruguay,URY,2013,YR2013,57531233350.9101
Uruguay,URY,2014,YR2014,57236013086.1223
Uruguay,URY,2015,YR2015,53274304222.136
Uruguay,URY,2016,YR2016,52687612261.5424
Uruguay,URY,2017,YR2017,59530088536.2179
Uzbekistan,UZB,2010,YR2010,46679875793.5724
Uzbekistan,UZB,2011,YR2011,56516280748.3777
Uzbekistan,UZB,2012,YR2012,63628854498.5024
Uzbekistan,UZB,2013,YR2013,68997168337.6782
Uzbekistan,UZB,2014,YR2014,76658542757.4707
Uzbekistan,UZB,2015,YR2015,81847410181.7953
Uzbekistan,UZB,2016,YR2016,81779012350.8833
Uzbekistan,UZB,2017,YR2017,59159945320.5667
Vanuatu,VUT,2010,YR2010,700804286.224354
Vanuatu,VUT,2011,YR2011,792149700.679116
Vanuatu,VUT,2012,YR2012,781702874.106058
Vanuatu,VUT,2013,YR2013,801787555.861121
Vanuatu,VUT,2014,YR2014,814954306.971033
Vanuatu,VUT,2015,YR2015,759689950.930918
Vanuatu,VUT,2016,YR2016,804332795.575017
Vanuatu,VUT,2017,YR2017,880043553.748442
"Venezuela, RB",VEN,2010,YR2010,393192354510.653
"Venezuela, RB",VEN,2011,YR2011,316482190800.364
"Venezuela, RB",VEN,2012,YR2012,381286237847.667
"Venezuela, RB",VEN,2013,YR2013,371005379786.566
"Venezuela, RB",VEN,2014,YR2014,482359318767.703
"Venezuela, RB",VEN,2015,YR2015,..
"Venezuela, RB",VEN,2016,YR2016,..
"Venezuela, RB",VEN,2017,YR2017,..
Vietnam,VNM,2010,YR2010,115931749697.241
Vietnam,VNM,2011,YR2011,135539438559.709
Vietnam,VNM,2012,YR2012,155820001920.492
Vietnam,VNM,2013,YR2013,171222025117.381
Vietnam,VNM,2014,YR2014,186204652922.262
Vietnam,VNM,2015,YR2015,193241108709.536
Vietnam,VNM,2016,YR2016,205276172134.901
Vietnam,VNM,2017,YR2017,223779865815.183
Virgin Islands (U.S.),VIR,2010,YR2010,4339000000
Virgin Islands (U.S.),VIR,2011,YR2011,4239000000
Virgin Islands (U.S.),VIR,2012,YR2012,4095000000
Virgin Islands (U.S.),VIR,2013,YR2013,3762000000
Virgin Islands (U.S.),VIR,2014,YR2014,3622000000
Virgin Islands (U.S.),VIR,2015,YR2015,3748000000
Virgin Islands (U.S.),VIR,2016,YR2016,3863000000
Virgin Islands (U.S.),VIR,2017,YR2017,3855000000
West Bank and Gaza,PSE,2010,YR2010,8913100000
West Bank and Gaza,PSE,2011,YR2011,10465400000
West Bank and Gaza,PSE,2012,YR2012,11279400000
West Bank and Gaza,PSE,2013,YR2013,12476000000
West Bank and Gaza,PSE,2014,YR2014,12715600000
West Bank and Gaza,PSE,2015,YR2015,12673000000
West Bank and Gaza,PSE,2016,YR2016,13425700000
West Bank and Gaza,PSE,2017,YR2017,14498100000
"Yemen, Rep.",YEM,2010,YR2010,30906749533.221
"Yemen, Rep.",YEM,2011,YR2011,32726417212.348
"Yemen, Rep.",YEM,2012,YR2012,35401341663.0425
"Yemen, Rep.",YEM,2013,YR2013,40415235701.9871
"Yemen, Rep.",YEM,2014,YR2014,43206469767.4419
"Yemen, Rep.",YEM,2015,YR2015,36976204506.0659
"Yemen, Rep.",YEM,2016,YR2016,28084676409.1858
"Yemen, Rep.",YEM,2017,YR2017,24561327989.312
Zambia,ZMB,2010,YR2010,20265559483.8548
Zambia,ZMB,2011,YR2011,23459515275.5776
Zambia,ZMB,2012,YR2012,25503060420.026
Zambia,ZMB,2013,YR2013,28045512870.8834
Zambia,ZMB,2014,YR2014,27150646908.7245
Zambia,ZMB,2015,YR2015,21243347377.3226
Zambia,ZMB,2016,YR2016,20954761767.1586
Zambia,ZMB,2017,YR2017,25868142076.7897
Zimbabwe,ZWE,2010,YR2010,12041655200
Zimbabwe,ZWE,2011,YR2011,14101920300
Zimbabwe,ZWE,2012,YR2012,17114849900
Zimbabwe,ZWE,2013,YR2013,19091020000
Zimbabwe,ZWE,2014,YR2014,19495519600
Zimbabwe,ZWE,2015,YR2015,19963120600
Zimbabwe,ZWE,2016,YR2016,20548678100
Zimbabwe,ZWE,2017,YR2017,22040902300
,,,,
,,,,
,,,,
Data from database: World Development Indicators,,,,
Last Updated: 10/15/2020,,,,
