Time,Time Code,Country Name,Country Code,Proportion of seats held by women in national parliaments (%) [SG.GEN.PARL.ZS]
2010,YR2010,Afghanistan,AFG,27.710843373494
2010,YR2010,Albania,ALB,16.4285714285714
2010,YR2010,Algeria,DZA,7.7120822622108
2010,YR2010,American Samoa,ASM,..
2010,YR2010,Andorra,AND,35.7142857142857
2010,YR2010,Angola,AGO,38.6363636363636
2010,YR2010,Antigua and Barbuda,ATG,10.5263157894737
2010,YR2010,Argentina,ARG,38.5214007782101
2010,YR2010,Armenia,ARM,9.16030534351145
2010,YR2010,Aruba,ABW,..
2010,YR2010,Australia,AUS,24.6666666666667
2010,YR2010,Austria,AUT,27.8688524590164
2010,YR2010,Azerbaijan,AZE,16
2010,YR2010,"Bahamas, The",BHS,12.1951219512195
2010,YR2010,Bahrain,BHR,2.5
2010,YR2010,Bangladesh,BGD,18.5507246376812
2010,YR2010,Barbados,BRB,10
2010,YR2010,Belarus,BLR,31.8181818181818
2010,YR2010,Belgium,BEL,39.3333333333333
2010,YR2010,Belize,BLZ,0
2010,YR2010,Benin,BEN,10.8433734939759
2010,YR2010,Bermuda,BMU,..
2010,YR2010,Bhutan,BTN,8.51063829787234
2010,YR2010,Bolivia,BOL,25.3846153846154
2010,YR2010,Bosnia and Herzegovina,BIH,16.6666666666667
2010,YR2010,Botswana,BWA,7.93650793650794
2010,YR2010,Brazil,BRA,8.57699805068226
2010,YR2010,British Virgin Islands,VGB,..
2010,YR2010,Brunei Darussalam,BRN,..
2010,YR2010,Bulgaria,BGR,20.8333333333333
2010,YR2010,Burkina Faso,BFA,15.3153153153153
2010,YR2010,Burundi,BDI,32.0754716981132
2010,YR2010,Cabo Verde,CPV,18.0555555555556
2010,YR2010,Cambodia,KHM,21.1382113821138
2010,YR2010,Cameroon,CMR,13.8888888888889
2010,YR2010,Canada,CAN,22.0779220779221
2010,YR2010,Cayman Islands,CYM,..
2010,YR2010,Central African Republic,CAF,9.61538461538462
2010,YR2010,Chad,TCD,5.16129032258065
2010,YR2010,Channel Islands,CHI,..
2010,YR2010,Chile,CHL,14.1666666666667
2010,YR2010,China,CHN,21.325744894543
2010,YR2010,Colombia,COL,12.6506024096386
2010,YR2010,Comoros,COM,3.03030303030303
2010,YR2010,"Congo, Dem. Rep.",COD,8.4
2010,YR2010,"Congo, Rep.",COG,7.2992700729927
2010,YR2010,Costa Rica,CRI,38.5964912280702
2010,YR2010,Cote d'Ivoire,CIV,8.86699507389163
2010,YR2010,Croatia,HRV,23.5294117647059
2010,YR2010,Cuba,CUB,43.1596091205212
2010,YR2010,Curacao,CUW,..
2010,YR2010,Cyprus,CYP,12.5
2010,YR2010,Czech Republic,CZE,22
2010,YR2010,Denmark,DNK,37.9888268156425
2010,YR2010,Djibouti,DJI,13.8461538461538
2010,YR2010,Dominica,DMA,12.5
2010,YR2010,Dominican Republic,DOM,20.7650273224044
2010,YR2010,Ecuador,ECU,32.258064516129
2010,YR2010,"Egypt, Arab Rep.",EGY,12.6953125
2010,YR2010,El Salvador,SLV,19.047619047619
2010,YR2010,Equatorial Guinea,GNQ,10
2010,YR2010,Eritrea,ERI,22
2010,YR2010,Estonia,EST,22.7722772277228
2010,YR2010,Eswatini,SWZ,13.6363636363636
2010,YR2010,Ethiopia,ETH,27.7879341864717
2010,YR2010,Faroe Islands,FRO,..
2010,YR2010,Fiji,FJI,..
2010,YR2010,Finland,FIN,40
2010,YR2010,France,FRA,18.8908145580589
2010,YR2010,French Polynesia,PYF,..
2010,YR2010,Gabon,GAB,14.6551724137931
2010,YR2010,"Gambia, The",GMB,7.54716981132075
2010,YR2010,Georgia,GEO,6.52173913043478
2010,YR2010,Germany,DEU,32.7974276527331
2010,YR2010,Ghana,GHA,8.26086956521739
2010,YR2010,Gibraltar,GIB,..
2010,YR2010,Greece,GRC,17.3333333333333
2010,YR2010,Greenland,GRL,..
2010,YR2010,Grenada,GRD,13.3333333333333
2010,YR2010,Guam,GUM,..
2010,YR2010,Guatemala,GTM,12.0253164556962
2010,YR2010,Guinea,GIN,..
2010,YR2010,Guinea-Bissau,GNB,10
2010,YR2010,Guyana,GUY,30
2010,YR2010,Haiti,HTI,11.1111111111111
2010,YR2010,Honduras,HND,17.96875
2010,YR2010,"Hong Kong SAR, China",HKG,..
2010,YR2010,Hungary,HUN,9.06735751295337
2010,YR2010,Iceland,ISL,42.8571428571429
2010,YR2010,India,IND,10.8256880733945
2010,YR2010,Indonesia,IDN,18.0357142857143
2010,YR2010,"Iran, Islamic Rep.",IRN,2.75862068965517
2010,YR2010,Iraq,IRQ,25.2307692307692
2010,YR2010,Ireland,IRL,13.9393939393939
2010,YR2010,Isle of Man,IMN,..
2010,YR2010,Israel,ISR,19.1666666666667
2010,YR2010,Italy,ITA,21.2698412698413
2010,YR2010,Jamaica,JAM,13.3333333333333
2010,YR2010,Japan,JPN,11.25
2010,YR2010,Jordan,JOR,10.8333333333333
2010,YR2010,Kazakhstan,KAZ,17.7570093457944
2010,YR2010,Kenya,KEN,9.82142857142857
2010,YR2010,Kiribati,KIR,4.34782608695652
2010,YR2010,"Korea, Dem. People's Rep.",PRK,15.5749636098981
2010,YR2010,"Korea, Rep.",KOR,14.7157190635452
2010,YR2010,Kosovo,XKX,..
2010,YR2010,Kuwait,KWT,7.69230769230769
2010,YR2010,Kyrgyz Republic,KGZ,23.3333333333333
2010,YR2010,Lao PDR,LAO,25.2173913043478
2010,YR2010,Latvia,LVA,20
2010,YR2010,Lebanon,LBN,3.125
2010,YR2010,Lesotho,LSO,24.1666666666667
2010,YR2010,Liberia,LBR,12.5
2010,YR2010,Libya,LBY,7.69230769230769
2010,YR2010,Liechtenstein,LIE,24
2010,YR2010,Lithuania,LTU,19.1489361702128
2010,YR2010,Luxembourg,LUX,20
2010,YR2010,"Macao SAR, China",MAC,..
2010,YR2010,Madagascar,MDG,12.5
2010,YR2010,Malawi,MWI,20.8333333333333
2010,YR2010,Malaysia,MYS,9.90990990990991
2010,YR2010,Maldives,MDV,6.49350649350649
2010,YR2010,Mali,MLI,10.2040816326531
2010,YR2010,Malta,MLT,8.69565217391304
2010,YR2010,Marshall Islands,MHL,3.03030303030303
2010,YR2010,Mauritania,MRT,22.1052631578947
2010,YR2010,Mauritius,MUS,18.8405797101449
2010,YR2010,Mexico,MEX,26.2
2010,YR2010,"Micronesia, Fed. Sts.",FSM,0
2010,YR2010,Moldova,MDA,18.8118811881188
2010,YR2010,Monaco,MCO,26.0869565217391
2010,YR2010,Mongolia,MNG,3.94736842105263
2010,YR2010,Montenegro,MNE,11.1111111111111
2010,YR2010,Morocco,MAR,10.4615384615385
2010,YR2010,Mozambique,MOZ,39.2
2010,YR2010,Myanmar,MMR,4.29447852760736
2010,YR2010,Namibia,NAM,24.3589743589744
2010,YR2010,Nauru,NRU,0
2010,YR2010,Nepal,NPL,33.1649831649832
2010,YR2010,Netherlands,NLD,40.6666666666667
2010,YR2010,New Caledonia,NCL,..
2010,YR2010,New Zealand,NZL,33.6065573770492
2010,YR2010,Nicaragua,NIC,20.6521739130435
2010,YR2010,Niger,NER,..
2010,YR2010,Nigeria,NGA,6.98324022346369
2010,YR2010,North Macedonia,MKD,32.5
2010,YR2010,Northern Mariana Islands,MNP,..
2010,YR2010,Norway,NOR,39.6449704142012
2010,YR2010,Oman,OMN,0
2010,YR2010,Pakistan,PAK,22.2222222222222
2010,YR2010,Palau,PLW,0
2010,YR2010,Panama,PAN,8.45070422535211
2010,YR2010,Papua New Guinea,PNG,0.917431192660551
2010,YR2010,Paraguay,PRY,12.5
2010,YR2010,Peru,PER,27.5
2010,YR2010,Philippines,PHL,22.1428571428571
2010,YR2010,Poland,POL,20
2010,YR2010,Portugal,PRT,27.3913043478261
2010,YR2010,Puerto Rico,PRI,..
2010,YR2010,Qatar,QAT,0
2010,YR2010,Romania,ROU,11.377245508982
2010,YR2010,Russian Federation,RUS,14
2010,YR2010,Rwanda,RWA,56.25
2010,YR2010,Samoa,WSM,8.16326530612245
2010,YR2010,San Marino,SMR,16.6666666666667
2010,YR2010,Sao Tome and Principe,STP,18.1818181818182
2010,YR2010,Saudi Arabia,SAU,0
2010,YR2010,Senegal,SEN,22.6666666666667
2010,YR2010,Serbia,SRB,21.6
2010,YR2010,Seychelles,SYC,23.5294117647059
2010,YR2010,Sierra Leone,SLE,13.2231404958678
2010,YR2010,Singapore,SGP,23.4042553191489
2010,YR2010,Sint Maarten (Dutch part),SXM,..
2010,YR2010,Slovak Republic,SVK,15.3333333333333
2010,YR2010,Slovenia,SVN,14.4444444444444
2010,YR2010,Solomon Islands,SLB,0
2010,YR2010,Somalia,SOM,6.77655677655678
2010,YR2010,South Africa,ZAF,44.5
2010,YR2010,South Sudan,SSD,..
2010,YR2010,Spain,ESP,36.5714285714286
2010,YR2010,Sri Lanka,LKA,5.33333333333333
2010,YR2010,St. Kitts and Nevis,KNA,6.66666666666667
2010,YR2010,St. Lucia,LCA,11.1111111111111
2010,YR2010,St. Martin (French part),MAF,..
2010,YR2010,St. Vincent and the Grenadines,VCT,14.2857142857143
2010,YR2010,Sudan,SDN,25.5605381165919
2010,YR2010,Suriname,SUR,9.80392156862745
2010,YR2010,Sweden,SWE,44.9856733524355
2010,YR2010,Switzerland,CHE,29
2010,YR2010,Syrian Arab Republic,SYR,12.4
2010,YR2010,Tajikistan,TJK,19.047619047619
2010,YR2010,Tanzania,TZA,..
2010,YR2010,Thailand,THA,13.3192389006343
2010,YR2010,Timor-Leste,TLS,29.2307692307692
2010,YR2010,Togo,TGO,11.1111111111111
2010,YR2010,Tonga,TON,0
2010,YR2010,Trinidad and Tobago,TTO,28.5714285714286
2010,YR2010,Tunisia,TUN,27.5700934579439
2010,YR2010,Turkey,TUR,9.10746812386157
2010,YR2010,Turkmenistan,TKM,16.8
2010,YR2010,Turks and Caicos Islands,TCA,..
2010,YR2010,Tuvalu,TUV,0
2010,YR2010,Uganda,UGA,31.2883435582822
2010,YR2010,Ukraine,UKR,8
2010,YR2010,United Arab Emirates,ARE,22.5
2010,YR2010,United Kingdom,GBR,22
2010,YR2010,United States,USA,16.7816091954023
2010,YR2010,Uruguay,URY,15.1515151515152
2010,YR2010,Uzbekistan,UZB,22
2010,YR2010,Vanuatu,VUT,3.84615384615385
2010,YR2010,"Venezuela, RB",VEN,16.969696969697
2010,YR2010,Vietnam,VNM,25.7606490872211
2010,YR2010,Virgin Islands (U.S.),VIR,..
2010,YR2010,West Bank and Gaza,PSE,..
2010,YR2010,"Yemen, Rep.",YEM,0.332225913621262
2010,YR2010,Zambia,ZMB,14.0127388535032
2010,YR2010,Zimbabwe,ZWE,14.9532710280374
2011,YR2011,Afghanistan,AFG,27.710843373494
2011,YR2011,Albania,ALB,15.7142857142857
2011,YR2011,Algeria,DZA,7.96915167095116
2011,YR2011,American Samoa,ASM,..
2011,YR2011,Andorra,AND,50
2011,YR2011,Angola,AGO,38.1818181818182
2011,YR2011,Antigua and Barbuda,ATG,10.5263157894737
2011,YR2011,Argentina,ARG,37.3540856031128
2011,YR2011,Armenia,ARM,8.3969465648855
2011,YR2011,Aruba,ABW,..
2011,YR2011,Australia,AUS,24.6666666666667
2011,YR2011,Austria,AUT,27.8688524590164
2011,YR2011,Azerbaijan,AZE,16
2011,YR2011,"Bahamas, The",BHS,12.1951219512195
2011,YR2011,Bahrain,BHR,10
2011,YR2011,Bangladesh,BGD,19.7142857142857
2011,YR2011,Barbados,BRB,10
2011,YR2011,Belarus,BLR,31.8181818181818
2011,YR2011,Belgium,BEL,38
2011,YR2011,Belize,BLZ,0
2011,YR2011,Benin,BEN,8.43373493975904
2011,YR2011,Bermuda,BMU,..
2011,YR2011,Bhutan,BTN,8.51063829787234
2011,YR2011,Bolivia,BOL,25.3846153846154
2011,YR2011,Bosnia and Herzegovina,BIH,21.4285714285714
2011,YR2011,Botswana,BWA,7.93650793650794
2011,YR2011,Brazil,BRA,8.57699805068226
2011,YR2011,British Virgin Islands,VGB,..
2011,YR2011,Brunei Darussalam,BRN,..
2011,YR2011,Bulgaria,BGR,20.8333333333333
2011,YR2011,Burkina Faso,BFA,15.3153153153153
2011,YR2011,Burundi,BDI,30.4761904761905
2011,YR2011,Cabo Verde,CPV,20.8333333333333
2011,YR2011,Cambodia,KHM,20.3252032520325
2011,YR2011,Cameroon,CMR,13.8888888888889
2011,YR2011,Canada,CAN,24.7557003257329
2011,YR2011,Cayman Islands,CYM,..
2011,YR2011,Central African Republic,CAF,12.5
2011,YR2011,Chad,TCD,12.7659574468085
2011,YR2011,Channel Islands,CHI,..
2011,YR2011,Chile,CHL,14.1666666666667
2011,YR2011,China,CHN,21.3230355943586
2011,YR2011,Colombia,COL,12.1212121212121
2011,YR2011,Comoros,COM,3.03030303030303
2011,YR2011,"Congo, Dem. Rep.",COD,..
2011,YR2011,"Congo, Rep.",COG,7.2992700729927
2011,YR2011,Costa Rica,CRI,38.5964912280702
2011,YR2011,Cote d'Ivoire,CIV,11.0236220472441
2011,YR2011,Croatia,HRV,23.841059602649
2011,YR2011,Cuba,CUB,45.221843003413
2011,YR2011,Curacao,CUW,..
2011,YR2011,Cyprus,CYP,10.7142857142857
2011,YR2011,Czech Republic,CZE,22
2011,YR2011,Denmark,DNK,39.1061452513966
2011,YR2011,Djibouti,DJI,13.8461538461538
2011,YR2011,Dominica,DMA,12.5
2011,YR2011,Dominican Republic,DOM,20.7650273224044
2011,YR2011,Ecuador,ECU,32.258064516129
2011,YR2011,"Egypt, Arab Rep.",EGY,1.96850393700787
2011,YR2011,El Salvador,SLV,19.047619047619
2011,YR2011,Equatorial Guinea,GNQ,10
2011,YR2011,Eritrea,ERI,22
2011,YR2011,Estonia,EST,19.8019801980198
2011,YR2011,Eswatini,SWZ,13.6363636363636
2011,YR2011,Ethiopia,ETH,27.7879341864717
2011,YR2011,Faroe Islands,FRO,..
2011,YR2011,Fiji,FJI,..
2011,YR2011,Finland,FIN,42.5
2011,YR2011,France,FRA,18.8908145580589
2011,YR2011,French Polynesia,PYF,..
2011,YR2011,Gabon,GAB,14.1666666666667
2011,YR2011,"Gambia, The",GMB,7.54716981132075
2011,YR2011,Georgia,GEO,6.56934306569343
2011,YR2011,Germany,DEU,32.9032258064516
2011,YR2011,Ghana,GHA,8.26086956521739
2011,YR2011,Gibraltar,GIB,..
2011,YR2011,Greece,GRC,18.6666666666667
2011,YR2011,Greenland,GRL,..
2011,YR2011,Grenada,GRD,13.3333333333333
2011,YR2011,Guam,GUM,..
2011,YR2011,Guatemala,GTM,13.2911392405063
2011,YR2011,Guinea,GIN,..
2011,YR2011,Guinea-Bissau,GNB,10
2011,YR2011,Guyana,GUY,31.3432835820896
2011,YR2011,Haiti,HTI,4.21052631578947
2011,YR2011,Honduras,HND,19.53125
2011,YR2011,"Hong Kong SAR, China",HKG,..
2011,YR2011,Hungary,HUN,8.80829015544041
2011,YR2011,Iceland,ISL,39.6825396825397
2011,YR2011,India,IND,11.0091743119266
2011,YR2011,Indonesia,IDN,18.2142857142857
2011,YR2011,"Iran, Islamic Rep.",IRN,2.75862068965517
2011,YR2011,Iraq,IRQ,25.2307692307692
2011,YR2011,Ireland,IRL,15.0602409638554
2011,YR2011,Isle of Man,IMN,..
2011,YR2011,Israel,ISR,20
2011,YR2011,Italy,ITA,21.5873015873016
2011,YR2011,Jamaica,JAM,12.6984126984127
2011,YR2011,Japan,JPN,10.8333333333333
2011,YR2011,Jordan,JOR,10.8333333333333
2011,YR2011,Kazakhstan,KAZ,17.7570093457944
2011,YR2011,Kenya,KEN,9.82142857142857
2011,YR2011,Kiribati,KIR,8.69565217391304
2011,YR2011,"Korea, Dem. People's Rep.",PRK,15.5749636098981
2011,YR2011,"Korea, Rep.",KOR,14.7157190635452
2011,YR2011,Kosovo,XKX,..
2011,YR2011,Kuwait,KWT,7.69230769230769
2011,YR2011,Kyrgyz Republic,KGZ,23.3333333333333
2011,YR2011,Lao PDR,LAO,25
2011,YR2011,Latvia,LVA,23
2011,YR2011,Lebanon,LBN,3.125
2011,YR2011,Lesotho,LSO,24.1666666666667
2011,YR2011,Liberia,LBR,9.58904109589041
2011,YR2011,Libya,LBY,..
2011,YR2011,Liechtenstein,LIE,24
2011,YR2011,Lithuania,LTU,19.1489361702128
2011,YR2011,Luxembourg,LUX,25
2011,YR2011,"Macao SAR, China",MAC,..
2011,YR2011,Madagascar,MDG,12.5
2011,YR2011,Malawi,MWI,22.279792746114
2011,YR2011,Malaysia,MYS,10.4072398190045
2011,YR2011,Maldives,MDV,6.49350649350649
2011,YR2011,Mali,MLI,10.2040816326531
2011,YR2011,Malta,MLT,8.69565217391304
2011,YR2011,Marshall Islands,MHL,3.03030303030303
2011,YR2011,Mauritania,MRT,22.1052631578947
2011,YR2011,Mauritius,MUS,18.8405797101449
2011,YR2011,Mexico,MEX,26.2
2011,YR2011,"Micronesia, Fed. Sts.",FSM,0
2011,YR2011,Moldova,MDA,19.8019801980198
2011,YR2011,Monaco,MCO,19.047619047619
2011,YR2011,Mongolia,MNG,3.94736842105263
2011,YR2011,Montenegro,MNE,12.3456790123457
2011,YR2011,Morocco,MAR,16.9620253164557
2011,YR2011,Mozambique,MOZ,39.2
2011,YR2011,Myanmar,MMR,3.54430379746835
2011,YR2011,Namibia,NAM,24.3589743589744
2011,YR2011,Nauru,NRU,0
2011,YR2011,Nepal,NPL,33.1649831649832
2011,YR2011,Netherlands,NLD,40.6666666666667
2011,YR2011,New Caledonia,NCL,..
2011,YR2011,New Zealand,NZL,32.2314049586777
2011,YR2011,Nicaragua,NIC,40.2173913043478
2011,YR2011,Niger,NER,13.2743362831858
2011,YR2011,Nigeria,NGA,6.81818181818182
2011,YR2011,North Macedonia,MKD,30.8943089430894
2011,YR2011,Northern Mariana Islands,MNP,..
2011,YR2011,Norway,NOR,39.6449704142012
2011,YR2011,Oman,OMN,1.19047619047619
2011,YR2011,Pakistan,PAK,22.5146198830409
2011,YR2011,Palau,PLW,0
2011,YR2011,Panama,PAN,8.45070422535211
2011,YR2011,Papua New Guinea,PNG,0.917431192660551
2011,YR2011,Paraguay,PRY,12.5
2011,YR2011,Peru,PER,21.5384615384615
2011,YR2011,Philippines,PHL,22.887323943662
2011,YR2011,Poland,POL,23.695652173913
2011,YR2011,Portugal,PRT,28.695652173913
2011,YR2011,Puerto Rico,PRI,..
2011,YR2011,Qatar,QAT,0
2011,YR2011,Romania,ROU,11.2121212121212
2011,YR2011,Russian Federation,RUS,13.5555555555556
2011,YR2011,Rwanda,RWA,56.25
2011,YR2011,Samoa,WSM,4.08163265306122
2011,YR2011,San Marino,SMR,18.3333333333333
2011,YR2011,Sao Tome and Principe,STP,18.1818181818182
2011,YR2011,Saudi Arabia,SAU,0
2011,YR2011,Senegal,SEN,22.6666666666667
2011,YR2011,Serbia,SRB,22
2011,YR2011,Seychelles,SYC,43.75
2011,YR2011,Sierra Leone,SLE,12.9032258064516
2011,YR2011,Singapore,SGP,22.2222222222222
2011,YR2011,Sint Maarten (Dutch part),SXM,..
2011,YR2011,Slovak Republic,SVK,16
2011,YR2011,Slovenia,SVN,32.2222222222222
2011,YR2011,Solomon Islands,SLB,0
2011,YR2011,Somalia,SOM,6.77655677655678
2011,YR2011,South Africa,ZAF,42.25
2011,YR2011,South Sudan,SSD,26.5060240963855
2011,YR2011,Spain,ESP,36
2011,YR2011,Sri Lanka,LKA,5.77777777777778
2011,YR2011,St. Kitts and Nevis,KNA,6.66666666666667
2011,YR2011,St. Lucia,LCA,16.6666666666667
2011,YR2011,St. Martin (French part),MAF,..
2011,YR2011,St. Vincent and the Grenadines,VCT,17.3913043478261
2011,YR2011,Sudan,SDN,24.5762711864407
2011,YR2011,Suriname,SUR,11.7647058823529
2011,YR2011,Sweden,SWE,44.6991404011461
2011,YR2011,Switzerland,CHE,28.5
2011,YR2011,Syrian Arab Republic,SYR,12.4
2011,YR2011,Tajikistan,TJK,19.047619047619
2011,YR2011,Tanzania,TZA,36
2011,YR2011,Thailand,THA,15.8
2011,YR2011,Timor-Leste,TLS,32.3076923076923
2011,YR2011,Togo,TGO,11.1111111111111
2011,YR2011,Tonga,TON,3.57142857142857
2011,YR2011,Trinidad and Tobago,TTO,28.5714285714286
2011,YR2011,Tunisia,TUN,26.7281105990783
2011,YR2011,Turkey,TUR,14.1818181818182
2011,YR2011,Turkmenistan,TKM,16.8
2011,YR2011,Turks and Caicos Islands,TCA,..
2011,YR2011,Tuvalu,TUV,6.66666666666667
2011,YR2011,Uganda,UGA,34.9740932642487
2011,YR2011,Ukraine,UKR,8
2011,YR2011,United Arab Emirates,ARE,17.5
2011,YR2011,United Kingdom,GBR,22.3076923076923
2011,YR2011,United States,USA,16.8202764976959
2011,YR2011,Uruguay,URY,12.1212121212121
2011,YR2011,Uzbekistan,UZB,22
2011,YR2011,Vanuatu,VUT,1.92307692307692
2011,YR2011,"Venezuela, RB",VEN,16.969696969697
2011,YR2011,Vietnam,VNM,24.4
2011,YR2011,Virgin Islands (U.S.),VIR,..
2011,YR2011,West Bank and Gaza,PSE,..
2011,YR2011,"Yemen, Rep.",YEM,0.332225913621262
2011,YR2011,Zambia,ZMB,11.4649681528662
2011,YR2011,Zimbabwe,ZWE,14.9532710280374
2012,YR2012,Afghanistan,AFG,27.710843373494
2012,YR2012,Albania,ALB,15.7142857142857
2012,YR2012,Algeria,DZA,31.6017316017316
2012,YR2012,American Samoa,ASM,..
2012,YR2012,Andorra,AND,50
2012,YR2012,Angola,AGO,34.0909090909091
2012,YR2012,Antigua and Barbuda,ATG,10.5263157894737
2012,YR2012,Argentina,ARG,37.3540856031128
2012,YR2012,Armenia,ARM,10.6870229007634
2012,YR2012,Aruba,ABW,..
2012,YR2012,Australia,AUS,24.6666666666667
2012,YR2012,Austria,AUT,27.8688524590164
2012,YR2012,Azerbaijan,AZE,16
2012,YR2012,"Bahamas, The",BHS,13.1578947368421
2012,YR2012,Bahrain,BHR,10
2012,YR2012,Bangladesh,BGD,19.7142857142857
2012,YR2012,Barbados,BRB,10
2012,YR2012,Belarus,BLR,26.605504587156
2012,YR2012,Belgium,BEL,38
2012,YR2012,Belize,BLZ,3.125
2012,YR2012,Benin,BEN,8.43373493975904
2012,YR2012,Bermuda,BMU,..
2012,YR2012,Bhutan,BTN,8.51063829787234
2012,YR2012,Bolivia,BOL,25.3846153846154
2012,YR2012,Bosnia and Herzegovina,BIH,21.4285714285714
2012,YR2012,Botswana,BWA,7.93650793650794
2012,YR2012,Brazil,BRA,8.57699805068226
2012,YR2012,British Virgin Islands,VGB,..
2012,YR2012,Brunei Darussalam,BRN,..
2012,YR2012,Bulgaria,BGR,22.9166666666667
2012,YR2012,Burkina Faso,BFA,15.748031496063
2012,YR2012,Burundi,BDI,30.4761904761905
2012,YR2012,Cabo Verde,CPV,20.8333333333333
2012,YR2012,Cambodia,KHM,20.3252032520325
2012,YR2012,Cameroon,CMR,13.8888888888889
2012,YR2012,Canada,CAN,24.6753246753247
2012,YR2012,Cayman Islands,CYM,..
2012,YR2012,Central African Republic,CAF,12.5
2012,YR2012,Chad,TCD,14.8936170212766
2012,YR2012,Channel Islands,CHI,..
2012,YR2012,Chile,CHL,14.1666666666667
2012,YR2012,China,CHN,21.3230355943586
2012,YR2012,Colombia,COL,12.1212121212121
2012,YR2012,Comoros,COM,3.03030303030303
2012,YR2012,"Congo, Dem. Rep.",COD,8.94308943089431
2012,YR2012,"Congo, Rep.",COG,7.35294117647059
2012,YR2012,Costa Rica,CRI,38.5964912280702
2012,YR2012,Cote d'Ivoire,CIV,10.4417670682731
2012,YR2012,Croatia,HRV,23.841059602649
2012,YR2012,Cuba,CUB,45.221843003413
2012,YR2012,Curacao,CUW,..
2012,YR2012,Cyprus,CYP,10.7142857142857
2012,YR2012,Czech Republic,CZE,22
2012,YR2012,Denmark,DNK,39.1061452513966
2012,YR2012,Djibouti,DJI,13.8461538461538
2012,YR2012,Dominica,DMA,12.5
2012,YR2012,Dominican Republic,DOM,20.7650273224044
2012,YR2012,Ecuador,ECU,32.258064516129
2012,YR2012,"Egypt, Arab Rep.",EGY,1.96850393700787
2012,YR2012,El Salvador,SLV,26.1904761904762
2012,YR2012,Equatorial Guinea,GNQ,10
2012,YR2012,Eritrea,ERI,22
2012,YR2012,Estonia,EST,20.7920792079208
2012,YR2012,Eswatini,SWZ,13.6363636363636
2012,YR2012,Ethiopia,ETH,27.7879341864717
2012,YR2012,Faroe Islands,FRO,..
2012,YR2012,Fiji,FJI,..
2012,YR2012,Finland,FIN,42.5
2012,YR2012,France,FRA,26.8630849220104
2012,YR2012,French Polynesia,PYF,..
2012,YR2012,Gabon,GAB,15.7894736842105
2012,YR2012,"Gambia, The",GMB,7.54716981132075
2012,YR2012,Georgia,GEO,12
2012,YR2012,Germany,DEU,32.9032258064516
2012,YR2012,Ghana,GHA,..
2012,YR2012,Gibraltar,GIB,..
2012,YR2012,Greece,GRC,21
2012,YR2012,Greenland,GRL,..
2012,YR2012,Grenada,GRD,13.3333333333333
2012,YR2012,Guam,GUM,..
2012,YR2012,Guatemala,GTM,13.2911392405063
2012,YR2012,Guinea,GIN,..
2012,YR2012,Guinea-Bissau,GNB,14
2012,YR2012,Guyana,GUY,31.3432835820896
2012,YR2012,Haiti,HTI,4.21052631578947
2012,YR2012,Honduras,HND,19.53125
2012,YR2012,"Hong Kong SAR, China",HKG,..
2012,YR2012,Hungary,HUN,8.80829015544041
2012,YR2012,Iceland,ISL,39.6825396825397
2012,YR2012,India,IND,11.0091743119266
2012,YR2012,Indonesia,IDN,18.5714285714286
2012,YR2012,"Iran, Islamic Rep.",IRN,3.10344827586207
2012,YR2012,Iraq,IRQ,25.2307692307692
2012,YR2012,Ireland,IRL,15.0602409638554
2012,YR2012,Isle of Man,IMN,..
2012,YR2012,Israel,ISR,20
2012,YR2012,Italy,ITA,21.4285714285714
2012,YR2012,Jamaica,JAM,12.6984126984127
2012,YR2012,Japan,JPN,7.91666666666667
2012,YR2012,Jordan,JOR,10.8333333333333
2012,YR2012,Kazakhstan,KAZ,24.2990654205607
2012,YR2012,Kenya,KEN,9.82142857142857
2012,YR2012,Kiribati,KIR,8.69565217391304
2012,YR2012,"Korea, Dem. People's Rep.",PRK,15.5749636098981
2012,YR2012,"Korea, Rep.",KOR,15.6666666666667
2012,YR2012,Kosovo,XKX,..
2012,YR2012,Kuwait,KWT,6.15384615384615
2012,YR2012,Kyrgyz Republic,KGZ,23.3333333333333
2012,YR2012,Lao PDR,LAO,25
2012,YR2012,Latvia,LVA,23
2012,YR2012,Lebanon,LBN,3.125
2012,YR2012,Lesotho,LSO,26.6666666666667
2012,YR2012,Liberia,LBR,10.958904109589
2012,YR2012,Libya,LBY,16.5
2012,YR2012,Liechtenstein,LIE,24
2012,YR2012,Lithuania,LTU,24.4604316546763
2012,YR2012,Luxembourg,LUX,21.6666666666667
2012,YR2012,"Macao SAR, China",MAC,..
2012,YR2012,Madagascar,MDG,17.4863387978142
2012,YR2012,Malawi,MWI,22.279792746114
2012,YR2012,Malaysia,MYS,10.4072398190045
2012,YR2012,Maldives,MDV,6.49350649350649
2012,YR2012,Mali,MLI,10.2040816326531
2012,YR2012,Malta,MLT,8.69565217391304
2012,YR2012,Marshall Islands,MHL,3.03030303030303
2012,YR2012,Mauritania,MRT,22.1052631578947
2012,YR2012,Mauritius,MUS,18.8405797101449
2012,YR2012,Mexico,MEX,36.8
2012,YR2012,"Micronesia, Fed. Sts.",FSM,0
2012,YR2012,Moldova,MDA,19.8019801980198
2012,YR2012,Monaco,MCO,19.047619047619
2012,YR2012,Mongolia,MNG,14.8648648648649
2012,YR2012,Montenegro,MNE,17.2839506172839
2012,YR2012,Morocco,MAR,16.9620253164557
2012,YR2012,Mozambique,MOZ,39.2
2012,YR2012,Myanmar,MMR,6.03248259860789
2012,YR2012,Namibia,NAM,24.3589743589744
2012,YR2012,Nauru,NRU,0
2012,YR2012,Nepal,NPL,33.1649831649832
2012,YR2012,Netherlands,NLD,38.6666666666667
2012,YR2012,New Caledonia,NCL,..
2012,YR2012,New Zealand,NZL,32.2314049586777
2012,YR2012,Nicaragua,NIC,40.2173913043478
2012,YR2012,Niger,NER,13.2743362831858
2012,YR2012,Nigeria,NGA,6.66666666666667
2012,YR2012,North Macedonia,MKD,32.520325203252
2012,YR2012,Northern Mariana Islands,MNP,..
2012,YR2012,Norway,NOR,39.6449704142012
2012,YR2012,Oman,OMN,1.19047619047619
2012,YR2012,Pakistan,PAK,22.5146198830409
2012,YR2012,Palau,PLW,0
2012,YR2012,Panama,PAN,8.45070422535211
2012,YR2012,Papua New Guinea,PNG,2.7027027027027
2012,YR2012,Paraguay,PRY,12.5
2012,YR2012,Peru,PER,21.5384615384615
2012,YR2012,Philippines,PHL,22.887323943662
2012,YR2012,Poland,POL,23.695652173913
2012,YR2012,Portugal,PRT,28.695652173913
2012,YR2012,Puerto Rico,PRI,..
2012,YR2012,Qatar,QAT,0
2012,YR2012,Romania,ROU,13.3495145631068
2012,YR2012,Russian Federation,RUS,13.5555555555556
2012,YR2012,Rwanda,RWA,56.25
2012,YR2012,Samoa,WSM,4.08163265306122
2012,YR2012,San Marino,SMR,16.6666666666667
2012,YR2012,Sao Tome and Principe,STP,18.1818181818182
2012,YR2012,Saudi Arabia,SAU,0
2012,YR2012,Senegal,SEN,42.6666666666667
2012,YR2012,Serbia,SRB,33.2
2012,YR2012,Seychelles,SYC,43.75
2012,YR2012,Sierra Leone,SLE,12.396694214876
2012,YR2012,Singapore,SGP,24.2424242424242
2012,YR2012,Sint Maarten (Dutch part),SXM,..
2012,YR2012,Slovak Republic,SVK,18.6666666666667
2012,YR2012,Slovenia,SVN,32.2222222222222
2012,YR2012,Solomon Islands,SLB,2
2012,YR2012,Somalia,SOM,13.8181818181818
2012,YR2012,South Africa,ZAF,42.25
2012,YR2012,South Sudan,SSD,26.5060240963855
2012,YR2012,Spain,ESP,36
2012,YR2012,Sri Lanka,LKA,5.77777777777778
2012,YR2012,St. Kitts and Nevis,KNA,6.66666666666667
2012,YR2012,St. Lucia,LCA,16.6666666666667
2012,YR2012,St. Martin (French part),MAF,..
2012,YR2012,St. Vincent and the Grenadines,VCT,17.3913043478261
2012,YR2012,Sudan,SDN,24.5762711864407
2012,YR2012,Suriname,SUR,11.7647058823529
2012,YR2012,Sweden,SWE,44.6991404011461
2012,YR2012,Switzerland,CHE,29
2012,YR2012,Syrian Arab Republic,SYR,12
2012,YR2012,Tajikistan,TJK,19.047619047619
2012,YR2012,Tanzania,TZA,36
2012,YR2012,Thailand,THA,15.8
2012,YR2012,Timor-Leste,TLS,38.4615384615385
2012,YR2012,Togo,TGO,11.1111111111111
2012,YR2012,Tonga,TON,3.57142857142857
2012,YR2012,Trinidad and Tobago,TTO,28.5714285714286
2012,YR2012,Tunisia,TUN,26.7281105990783
2012,YR2012,Turkey,TUR,14.1818181818182
2012,YR2012,Turkmenistan,TKM,16.8
2012,YR2012,Turks and Caicos Islands,TCA,..
2012,YR2012,Tuvalu,TUV,6.66666666666667
2012,YR2012,Uganda,UGA,34.9740932642487
2012,YR2012,Ukraine,UKR,9.43820224719101
2012,YR2012,United Arab Emirates,ARE,17.5
2012,YR2012,United Kingdom,GBR,22.4615384615385
2012,YR2012,United States,USA,17.9723502304147
2012,YR2012,Uruguay,URY,12.1212121212121
2012,YR2012,Uzbekistan,UZB,22
2012,YR2012,Vanuatu,VUT,0
2012,YR2012,"Venezuela, RB",VEN,16.969696969697
2012,YR2012,Vietnam,VNM,24.4
2012,YR2012,Virgin Islands (U.S.),VIR,..
2012,YR2012,West Bank and Gaza,PSE,..
2012,YR2012,"Yemen, Rep.",YEM,0.332225913621262
2012,YR2012,Zambia,ZMB,11.4649681528662
2012,YR2012,Zimbabwe,ZWE,14.9532710280374
2013,YR2013,Afghanistan,AFG,27.710843373494
2013,YR2013,Albania,ALB,17.8571428571429
2013,YR2013,Algeria,DZA,31.6017316017316
2013,YR2013,American Samoa,ASM,..
2013,YR2013,Andorra,AND,50
2013,YR2013,Angola,AGO,34.0909090909091
2013,YR2013,Antigua and Barbuda,ATG,10.5263157894737
2013,YR2013,Argentina,ARG,36.5758754863813
2013,YR2013,Armenia,ARM,10.6870229007634
2013,YR2013,Aruba,ABW,..
2013,YR2013,Australia,AUS,26
2013,YR2013,Austria,AUT,33.3333333333333
2013,YR2013,Azerbaijan,AZE,15.5737704918033
2013,YR2013,"Bahamas, The",BHS,13.1578947368421
2013,YR2013,Bahrain,BHR,10
2013,YR2013,Bangladesh,BGD,19.7142857142857
2013,YR2013,Barbados,BRB,16.6666666666667
2013,YR2013,Belarus,BLR,26.605504587156
2013,YR2013,Belgium,BEL,38
2013,YR2013,Belize,BLZ,3.125
2013,YR2013,Benin,BEN,8.43373493975904
2013,YR2013,Bermuda,BMU,..
2013,YR2013,Bhutan,BTN,6.38297872340426
2013,YR2013,Bolivia,BOL,25.3846153846154
2013,YR2013,Bosnia and Herzegovina,BIH,21.4285714285714
2013,YR2013,Botswana,BWA,7.93650793650794
2013,YR2013,Brazil,BRA,8.57699805068226
2013,YR2013,British Virgin Islands,VGB,..
2013,YR2013,Brunei Darussalam,BRN,..
2013,YR2013,Bulgaria,BGR,24.5833333333333
2013,YR2013,Burkina Faso,BFA,15.748031496063
2013,YR2013,Burundi,BDI,30.4761904761905
2013,YR2013,Cabo Verde,CPV,20.8333333333333
2013,YR2013,Cambodia,KHM,20.3252032520325
2013,YR2013,Cameroon,CMR,31.1111111111111
2013,YR2013,Canada,CAN,24.6753246753247
2013,YR2013,Cayman Islands,CYM,..
2013,YR2013,Central African Republic,CAF,..
2013,YR2013,Chad,TCD,14.8936170212766
2013,YR2013,Channel Islands,CHI,..
2013,YR2013,Chile,CHL,15.8333333333333
2013,YR2013,China,CHN,23.40140609307
2013,YR2013,Colombia,COL,12.1212121212121
2013,YR2013,Comoros,COM,3.03030303030303
2013,YR2013,"Congo, Dem. Rep.",COD,8.94308943089431
2013,YR2013,"Congo, Rep.",COG,7.35294117647059
2013,YR2013,Costa Rica,CRI,38.5964912280702
2013,YR2013,Cote d'Ivoire,CIV,10.4417670682731
2013,YR2013,Croatia,HRV,23.841059602649
2013,YR2013,Cuba,CUB,48.8562091503268
2013,YR2013,Curacao,CUW,..
2013,YR2013,Cyprus,CYP,10.7142857142857
2013,YR2013,Czech Republic,CZE,19.5
2013,YR2013,Denmark,DNK,39.1061452513966
2013,YR2013,Djibouti,DJI,12.7272727272727
2013,YR2013,Dominica,DMA,12.5
2013,YR2013,Dominican Republic,DOM,20.7650273224044
2013,YR2013,Ecuador,ECU,38.6861313868613
2013,YR2013,"Egypt, Arab Rep.",EGY,..
2013,YR2013,El Salvador,SLV,26.1904761904762
2013,YR2013,Equatorial Guinea,GNQ,12.1212121212121
2013,YR2013,Eritrea,ERI,22
2013,YR2013,Estonia,EST,20.7920792079208
2013,YR2013,Eswatini,SWZ,6.15384615384615
2013,YR2013,Ethiopia,ETH,27.7879341864717
2013,YR2013,Faroe Islands,FRO,..
2013,YR2013,Fiji,FJI,..
2013,YR2013,Finland,FIN,42.5
2013,YR2013,France,FRA,26.8630849220104
2013,YR2013,French Polynesia,PYF,..
2013,YR2013,Gabon,GAB,15.7894736842105
2013,YR2013,"Gambia, The",GMB,7.54716981132075
2013,YR2013,Georgia,GEO,12
2013,YR2013,Germany,DEU,36.4500792393027
2013,YR2013,Ghana,GHA,10.9090909090909
2013,YR2013,Gibraltar,GIB,..
2013,YR2013,Greece,GRC,21
2013,YR2013,Greenland,GRL,..
2013,YR2013,Grenada,GRD,33.3333333333333
2013,YR2013,Guam,GUM,..
2013,YR2013,Guatemala,GTM,13.2911392405063
2013,YR2013,Guinea,GIN,..
2013,YR2013,Guinea-Bissau,GNB,14
2013,YR2013,Guyana,GUY,31.3432835820896
2013,YR2013,Haiti,HTI,4.21052631578947
2013,YR2013,Honduras,HND,..
2013,YR2013,"Hong Kong SAR, China",HKG,..
2013,YR2013,Hungary,HUN,8.80829015544041
2013,YR2013,Iceland,ISL,39.6825396825397
2013,YR2013,India,IND,11.0091743119266
2013,YR2013,Indonesia,IDN,18.5714285714286
2013,YR2013,"Iran, Islamic Rep.",IRN,3.10344827586207
2013,YR2013,Iraq,IRQ,25.2307692307692
2013,YR2013,Ireland,IRL,15.6626506024096
2013,YR2013,Isle of Man,IMN,..
2013,YR2013,Israel,ISR,22.5
2013,YR2013,Italy,ITA,31.4285714285714
2013,YR2013,Jamaica,JAM,12.6984126984127
2013,YR2013,Japan,JPN,8.125
2013,YR2013,Jordan,JOR,12.1621621621622
2013,YR2013,Kazakhstan,KAZ,24.2990654205607
2013,YR2013,Kenya,KEN,18.5714285714286
2013,YR2013,Kiribati,KIR,8.69565217391304
2013,YR2013,"Korea, Dem. People's Rep.",PRK,15.5749636098981
2013,YR2013,"Korea, Rep.",KOR,15.6666666666667
2013,YR2013,Kosovo,XKX,..
2013,YR2013,Kuwait,KWT,6.15384615384615
2013,YR2013,Kyrgyz Republic,KGZ,23.3333333333333
2013,YR2013,Lao PDR,LAO,25
2013,YR2013,Latvia,LVA,23
2013,YR2013,Lebanon,LBN,3.125
2013,YR2013,Lesotho,LSO,26.6666666666667
2013,YR2013,Liberia,LBR,10.958904109589
2013,YR2013,Libya,LBY,16.5
2013,YR2013,Liechtenstein,LIE,20
2013,YR2013,Lithuania,LTU,24.113475177305
2013,YR2013,Luxembourg,LUX,28.3333333333333
2013,YR2013,"Macao SAR, China",MAC,..
2013,YR2013,Madagascar,MDG,17.4863387978142
2013,YR2013,Malawi,MWI,22.279792746114
2013,YR2013,Malaysia,MYS,10.3603603603604
2013,YR2013,Maldives,MDV,6.49350649350649
2013,YR2013,Mali,MLI,..
2013,YR2013,Malta,MLT,14.2857142857143
2013,YR2013,Marshall Islands,MHL,3.03030303030303
2013,YR2013,Mauritania,MRT,..
2013,YR2013,Mauritius,MUS,18.8405797101449
2013,YR2013,Mexico,MEX,36.8
2013,YR2013,"Micronesia, Fed. Sts.",FSM,0
2013,YR2013,Moldova,MDA,19.8019801980198
2013,YR2013,Monaco,MCO,20.8333333333333
2013,YR2013,Mongolia,MNG,14.8648648648649
2013,YR2013,Montenegro,MNE,16.0493827160494
2013,YR2013,Morocco,MAR,16.9620253164557
2013,YR2013,Mozambique,MOZ,39.2
2013,YR2013,Myanmar,MMR,6.03248259860789
2013,YR2013,Namibia,NAM,24.3589743589744
2013,YR2013,Nauru,NRU,5.26315789473684
2013,YR2013,Nepal,NPL,..
2013,YR2013,Netherlands,NLD,38.6666666666667
2013,YR2013,New Caledonia,NCL,..
2013,YR2013,New Zealand,NZL,32.2314049586777
2013,YR2013,Nicaragua,NIC,40.2173913043478
2013,YR2013,Niger,NER,13.2743362831858
2013,YR2013,Nigeria,NGA,6.66666666666667
2013,YR2013,North Macedonia,MKD,34.1463414634146
2013,YR2013,Northern Mariana Islands,MNP,..
2013,YR2013,Norway,NOR,39.6449704142012
2013,YR2013,Oman,OMN,1.19047619047619
2013,YR2013,Pakistan,PAK,20.7430340557276
2013,YR2013,Palau,PLW,0
2013,YR2013,Panama,PAN,8.45070422535211
2013,YR2013,Papua New Guinea,PNG,2.7027027027027
2013,YR2013,Paraguay,PRY,17.5
2013,YR2013,Peru,PER,21.5384615384615
2013,YR2013,Philippines,PHL,27.3356401384083
2013,YR2013,Poland,POL,23.695652173913
2013,YR2013,Portugal,PRT,31.304347826087
2013,YR2013,Puerto Rico,PRI,..
2013,YR2013,Qatar,QAT,0
2013,YR2013,Romania,ROU,13.3495145631068
2013,YR2013,Russian Federation,RUS,13.5555555555556
2013,YR2013,Rwanda,RWA,63.75
2013,YR2013,Samoa,WSM,4.08163265306122
2013,YR2013,San Marino,SMR,18.3333333333333
2013,YR2013,Sao Tome and Principe,STP,18.1818181818182
2013,YR2013,Saudi Arabia,SAU,19.8675496688742
2013,YR2013,Senegal,SEN,42.6666666666667
2013,YR2013,Serbia,SRB,33.2
2013,YR2013,Seychelles,SYC,43.75
2013,YR2013,Sierra Leone,SLE,12.396694214876
2013,YR2013,Singapore,SGP,24.2424242424242
2013,YR2013,Sint Maarten (Dutch part),SXM,..
2013,YR2013,Slovak Republic,SVK,18.6666666666667
2013,YR2013,Slovenia,SVN,32.2222222222222
2013,YR2013,Solomon Islands,SLB,2
2013,YR2013,Somalia,SOM,13.8181818181818
2013,YR2013,South Africa,ZAF,42.25
2013,YR2013,South Sudan,SSD,26.5060240963855
2013,YR2013,Spain,ESP,36
2013,YR2013,Sri Lanka,LKA,5.77777777777778
2013,YR2013,St. Kitts and Nevis,KNA,6.66666666666667
2013,YR2013,St. Lucia,LCA,16.6666666666667
2013,YR2013,St. Martin (French part),MAF,..
2013,YR2013,St. Vincent and the Grenadines,VCT,13.0434782608696
2013,YR2013,Sudan,SDN,24.5762711864407
2013,YR2013,Suriname,SUR,11.7647058823529
2013,YR2013,Sweden,SWE,44.9856733524355
2013,YR2013,Switzerland,CHE,31
2013,YR2013,Syrian Arab Republic,SYR,12
2013,YR2013,Tajikistan,TJK,19.047619047619
2013,YR2013,Tanzania,TZA,36
2013,YR2013,Thailand,THA,15.8
2013,YR2013,Timor-Leste,TLS,38.4615384615385
2013,YR2013,Togo,TGO,15.3846153846154
2013,YR2013,Tonga,TON,3.57142857142857
2013,YR2013,Trinidad and Tobago,TTO,28.5714285714286
2013,YR2013,Tunisia,TUN,26.7281105990783
2013,YR2013,Turkey,TUR,14.4160583941606
2013,YR2013,Turkmenistan,TKM,16.8
2013,YR2013,Turks and Caicos Islands,TCA,..
2013,YR2013,Tuvalu,TUV,6.66666666666667
2013,YR2013,Uganda,UGA,34.9740932642487
2013,YR2013,Ukraine,UKR,9.43820224719101
2013,YR2013,United Arab Emirates,ARE,17.5
2013,YR2013,United Kingdom,GBR,22.4615384615385
2013,YR2013,United States,USA,17.8240740740741
2013,YR2013,Uruguay,URY,12.1212121212121
2013,YR2013,Uzbekistan,UZB,22
2013,YR2013,Vanuatu,VUT,0
2013,YR2013,"Venezuela, RB",VEN,16.969696969697
2013,YR2013,Vietnam,VNM,24.4
2013,YR2013,Virgin Islands (U.S.),VIR,..
2013,YR2013,West Bank and Gaza,PSE,..
2013,YR2013,"Yemen, Rep.",YEM,0.332225913621262
2013,YR2013,Zambia,ZMB,11.4649681528662
2013,YR2013,Zimbabwe,ZWE,31.4814814814815
2014,YR2014,Afghanistan,AFG,27.710843373494
2014,YR2014,Albania,ALB,20
2014,YR2014,Algeria,DZA,31.6017316017316
2014,YR2014,American Samoa,ASM,..
2014,YR2014,Andorra,AND,50
2014,YR2014,Angola,AGO,36.8181818181818
2014,YR2014,Antigua and Barbuda,ATG,11.1111111111111
2014,YR2014,Argentina,ARG,36.5758754863813
2014,YR2014,Armenia,ARM,10.6870229007634
2014,YR2014,Aruba,ABW,..
2014,YR2014,Australia,AUS,26
2014,YR2014,Austria,AUT,32.2404371584699
2014,YR2014,Azerbaijan,AZE,15.5737704918033
2014,YR2014,"Bahamas, The",BHS,13.1578947368421
2014,YR2014,Bahrain,BHR,7.5
2014,YR2014,Bangladesh,BGD,19.8275862068966
2014,YR2014,Barbados,BRB,16.6666666666667
2014,YR2014,Belarus,BLR,26.605504587156
2014,YR2014,Belgium,BEL,39.3333333333333
2014,YR2014,Belize,BLZ,3.125
2014,YR2014,Benin,BEN,8.43373493975904
2014,YR2014,Bermuda,BMU,..
2014,YR2014,Bhutan,BTN,8.51063829787234
2014,YR2014,Bolivia,BOL,53.0769230769231
2014,YR2014,Bosnia and Herzegovina,BIH,21.4285714285714
2014,YR2014,Botswana,BWA,9.52380952380952
2014,YR2014,Brazil,BRA,9.94152046783626
2014,YR2014,British Virgin Islands,VGB,..
2014,YR2014,Brunei Darussalam,BRN,..
2014,YR2014,Bulgaria,BGR,20
2014,YR2014,Burkina Faso,BFA,..
2014,YR2014,Burundi,BDI,30.4761904761905
2014,YR2014,Cabo Verde,CPV,20.8333333333333
2014,YR2014,Cambodia,KHM,20.3252032520325
2014,YR2014,Cameroon,CMR,31.1111111111111
2014,YR2014,Canada,CAN,25.0814332247557
2014,YR2014,Cayman Islands,CYM,..
2014,YR2014,Central African Republic,CAF,..
2014,YR2014,Chad,TCD,14.8936170212766
2014,YR2014,Channel Islands,CHI,..
2014,YR2014,Chile,CHL,15.8333333333333
2014,YR2014,China,CHN,23.40140609307
2014,YR2014,Colombia,COL,19.8795180722892
2014,YR2014,Comoros,COM,3.03030303030303
2014,YR2014,"Congo, Dem. Rep.",COD,10.6425702811245
2014,YR2014,"Congo, Rep.",COG,7.35294117647059
2014,YR2014,Costa Rica,CRI,33.3333333333333
2014,YR2014,Cote d'Ivoire,CIV,9.44881889763779
2014,YR2014,Croatia,HRV,23.841059602649
2014,YR2014,Cuba,CUB,48.8562091503268
2014,YR2014,Curacao,CUW,..
2014,YR2014,Cyprus,CYP,12.5
2014,YR2014,Czech Republic,CZE,19.5
2014,YR2014,Denmark,DNK,39.1061452513966
2014,YR2014,Djibouti,DJI,12.7272727272727
2014,YR2014,Dominica,DMA,12.9032258064516
2014,YR2014,Dominican Republic,DOM,20.7650273224044
2014,YR2014,Ecuador,ECU,41.6058394160584
2014,YR2014,"Egypt, Arab Rep.",EGY,..
2014,YR2014,El Salvador,SLV,27.3809523809524
2014,YR2014,Equatorial Guinea,GNQ,24
2014,YR2014,Eritrea,ERI,22
2014,YR2014,Estonia,EST,19
2014,YR2014,Eswatini,SWZ,6.15384615384615
2014,YR2014,Ethiopia,ETH,27.7879341864717
2014,YR2014,Faroe Islands,FRO,..
2014,YR2014,Fiji,FJI,14
2014,YR2014,Finland,FIN,42.5
2014,YR2014,France,FRA,26.1698440207972
2014,YR2014,French Polynesia,PYF,..
2014,YR2014,Gabon,GAB,15
2014,YR2014,"Gambia, The",GMB,9.43396226415094
2014,YR2014,Georgia,GEO,12
2014,YR2014,Germany,DEU,36.4500792393027
2014,YR2014,Ghana,GHA,10.9090909090909
2014,YR2014,Gibraltar,GIB,..
2014,YR2014,Greece,GRC,21
2014,YR2014,Greenland,GRL,..
2014,YR2014,Grenada,GRD,33.3333333333333
2014,YR2014,Guam,GUM,..
2014,YR2014,Guatemala,GTM,13.2911392405063
2014,YR2014,Guinea,GIN,21.9298245614035
2014,YR2014,Guinea-Bissau,GNB,13.7254901960784
2014,YR2014,Guyana,GUY,31.3432835820896
2014,YR2014,Haiti,HTI,4.21052631578947
2014,YR2014,Honduras,HND,25.78125
2014,YR2014,"Hong Kong SAR, China",HKG,..
2014,YR2014,Hungary,HUN,10.0502512562814
2014,YR2014,Iceland,ISL,39.6825396825397
2014,YR2014,India,IND,11.4180478821363
2014,YR2014,Indonesia,IDN,16.9369369369369
2014,YR2014,"Iran, Islamic Rep.",IRN,3.10344827586207
2014,YR2014,Iraq,IRQ,25.3048780487805
2014,YR2014,Ireland,IRL,15.6626506024096
2014,YR2014,Isle of Man,IMN,..
2014,YR2014,Israel,ISR,22.5
2014,YR2014,Italy,ITA,31.4285714285714
2014,YR2014,Jamaica,JAM,12.6984126984127
2014,YR2014,Japan,JPN,8.125
2014,YR2014,Jordan,JOR,12
2014,YR2014,Kazakhstan,KAZ,25.2173913043478
2014,YR2014,Kenya,KEN,19.1428571428571
2014,YR2014,Kiribati,KIR,8.69565217391304
2014,YR2014,"Korea, Dem. People's Rep.",PRK,16.3027656477438
2014,YR2014,"Korea, Rep.",KOR,16.3333333333333
2014,YR2014,Kosovo,XKX,..
2014,YR2014,Kuwait,KWT,1.53846153846154
2014,YR2014,Kyrgyz Republic,KGZ,23.3333333333333
2014,YR2014,Lao PDR,LAO,25
2014,YR2014,Latvia,LVA,18
2014,YR2014,Lebanon,LBN,3.125
2014,YR2014,Lesotho,LSO,26.6666666666667
2014,YR2014,Liberia,LBR,10.958904109589
2014,YR2014,Libya,LBY,15.9574468085106
2014,YR2014,Liechtenstein,LIE,20
2014,YR2014,Lithuania,LTU,24.113475177305
2014,YR2014,Luxembourg,LUX,28.3333333333333
2014,YR2014,"Macao SAR, China",MAC,..
2014,YR2014,Madagascar,MDG,20.5298013245033
2014,YR2014,Malawi,MWI,16.6666666666667
2014,YR2014,Malaysia,MYS,10.3603603603604
2014,YR2014,Maldives,MDV,5.88235294117647
2014,YR2014,Mali,MLI,9.52380952380952
2014,YR2014,Malta,MLT,14.2857142857143
2014,YR2014,Marshall Islands,MHL,3.03030303030303
2014,YR2014,Mauritania,MRT,25.1700680272109
2014,YR2014,Mauritius,MUS,18.8405797101449
2014,YR2014,Mexico,MEX,37.4
2014,YR2014,"Micronesia, Fed. Sts.",FSM,0
2014,YR2014,Moldova,MDA,17.8217821782178
2014,YR2014,Monaco,MCO,20.8333333333333
2014,YR2014,Mongolia,MNG,14.8648648648649
2014,YR2014,Montenegro,MNE,17.2839506172839
2014,YR2014,Morocco,MAR,16.9620253164557
2014,YR2014,Mozambique,MOZ,..
2014,YR2014,Myanmar,MMR,5.59440559440559
2014,YR2014,Namibia,NAM,..
2014,YR2014,Nauru,NRU,5.26315789473684
2014,YR2014,Nepal,NPL,29.4807370184255
2014,YR2014,Netherlands,NLD,38.6666666666667
2014,YR2014,New Caledonia,NCL,..
2014,YR2014,New Zealand,NZL,29.7520661157025
2014,YR2014,Nicaragua,NIC,42.3913043478261
2014,YR2014,Niger,NER,13.2743362831858
2014,YR2014,Nigeria,NGA,6.66666666666667
2014,YR2014,North Macedonia,MKD,33.3333333333333
2014,YR2014,Northern Mariana Islands,MNP,..
2014,YR2014,Norway,NOR,39.6449704142012
2014,YR2014,Oman,OMN,1.19047619047619
2014,YR2014,Pakistan,PAK,20.7430340557276
2014,YR2014,Palau,PLW,0
2014,YR2014,Panama,PAN,19.2982456140351
2014,YR2014,Papua New Guinea,PNG,2.7027027027027
2014,YR2014,Paraguay,PRY,15
2014,YR2014,Peru,PER,22.3076923076923
2014,YR2014,Philippines,PHL,27.3356401384083
2014,YR2014,Poland,POL,24.3478260869565
2014,YR2014,Portugal,PRT,31.304347826087
2014,YR2014,Puerto Rico,PRI,..
2014,YR2014,Qatar,QAT,0
2014,YR2014,Romania,ROU,13.5135135135135
2014,YR2014,Russian Federation,RUS,13.5555555555556
2014,YR2014,Rwanda,RWA,63.75
2014,YR2014,Samoa,WSM,6.12244897959184
2014,YR2014,San Marino,SMR,18.3333333333333
2014,YR2014,Sao Tome and Principe,STP,18.1818181818182
2014,YR2014,Saudi Arabia,SAU,19.8675496688742
2014,YR2014,Senegal,SEN,43.3333333333333
2014,YR2014,Serbia,SRB,34
2014,YR2014,Seychelles,SYC,43.75
2014,YR2014,Sierra Leone,SLE,12.0967741935484
2014,YR2014,Singapore,SGP,25.2525252525253
2014,YR2014,Sint Maarten (Dutch part),SXM,..
2014,YR2014,Slovak Republic,SVK,18.6666666666667
2014,YR2014,Slovenia,SVN,35.5555555555556
2014,YR2014,Solomon Islands,SLB,2
2014,YR2014,Somalia,SOM,13.8181818181818
2014,YR2014,South Africa,ZAF,41.5
2014,YR2014,South Sudan,SSD,26.5060240963855
2014,YR2014,Spain,ESP,39.7142857142857
2014,YR2014,Sri Lanka,LKA,5.77777777777778
2014,YR2014,St. Kitts and Nevis,KNA,6.66666666666667
2014,YR2014,St. Lucia,LCA,16.6666666666667
2014,YR2014,St. Martin (French part),MAF,..
2014,YR2014,St. Vincent and the Grenadines,VCT,13.0434782608696
2014,YR2014,Sudan,SDN,24.2937853107345
2014,YR2014,Suriname,SUR,11.7647058823529
2014,YR2014,Sweden,SWE,44.6991404011461
2014,YR2014,Switzerland,CHE,31
2014,YR2014,Syrian Arab Republic,SYR,12
2014,YR2014,Tajikistan,TJK,16.9491525423729
2014,YR2014,Tanzania,TZA,36
2014,YR2014,Thailand,THA,6.09137055837564
2014,YR2014,Timor-Leste,TLS,38.4615384615385
2014,YR2014,Togo,TGO,17.5824175824176
2014,YR2014,Tonga,TON,0
2014,YR2014,Trinidad and Tobago,TTO,28.5714285714286
2014,YR2014,Tunisia,TUN,31.3364055299539
2014,YR2014,Turkey,TUR,14.4160583941606
2014,YR2014,Turkmenistan,TKM,26.4
2014,YR2014,Turks and Caicos Islands,TCA,..
2014,YR2014,Tuvalu,TUV,6.66666666666667
2014,YR2014,Uganda,UGA,34.9740932642487
2014,YR2014,Ukraine,UKR,11.6666666666667
2014,YR2014,United Arab Emirates,ARE,17.5
2014,YR2014,United Kingdom,GBR,22.6153846153846
2014,YR2014,United States,USA,19.3103448275862
2014,YR2014,Uruguay,URY,13.1313131313131
2014,YR2014,Uzbekistan,UZB,22
2014,YR2014,Vanuatu,VUT,0
2014,YR2014,"Venezuela, RB",VEN,16.969696969697
2014,YR2014,Vietnam,VNM,24.2971887550201
2014,YR2014,Virgin Islands (U.S.),VIR,..
2014,YR2014,West Bank and Gaza,PSE,..
2014,YR2014,"Yemen, Rep.",YEM,0.332225913621262
2014,YR2014,Zambia,ZMB,10.7594936708861
2014,YR2014,Zimbabwe,ZWE,31.4814814814815
2015,YR2015,Afghanistan,AFG,27.710843373494
2015,YR2015,Albania,ALB,20.7142857142857
2015,YR2015,Algeria,DZA,31.6017316017316
2015,YR2015,American Samoa,ASM,..
2015,YR2015,Andorra,AND,39.2857142857143
2015,YR2015,Angola,AGO,36.8181818181818
2015,YR2015,Antigua and Barbuda,ATG,11.1111111111111
2015,YR2015,Argentina,ARG,..
2015,YR2015,Armenia,ARM,10.6870229007634
2015,YR2015,Aruba,ABW,..
2015,YR2015,Australia,AUS,26.6666666666667
2015,YR2015,Austria,AUT,30.6010928961749
2015,YR2015,Azerbaijan,AZE,16.9354838709677
2015,YR2015,"Bahamas, The",BHS,13.1578947368421
2015,YR2015,Bahrain,BHR,7.5
2015,YR2015,Bangladesh,BGD,20
2015,YR2015,Barbados,BRB,16.6666666666667
2015,YR2015,Belarus,BLR,27.2727272727273
2015,YR2015,Belgium,BEL,39.3333333333333
2015,YR2015,Belize,BLZ,3.125
2015,YR2015,Benin,BEN,7.2289156626506
2015,YR2015,Bermuda,BMU,..
2015,YR2015,Bhutan,BTN,8.51063829787234
2015,YR2015,Bolivia,BOL,53.0769230769231
2015,YR2015,Bosnia and Herzegovina,BIH,21.4285714285714
2015,YR2015,Botswana,BWA,9.52380952380952
2015,YR2015,Brazil,BRA,9.94152046783626
2015,YR2015,British Virgin Islands,VGB,..
2015,YR2015,Brunei Darussalam,BRN,..
2015,YR2015,Bulgaria,BGR,20.4166666666667
2015,YR2015,Burkina Faso,BFA,9.44881889763779
2015,YR2015,Burundi,BDI,36.3636363636364
2015,YR2015,Cabo Verde,CPV,20.8333333333333
2015,YR2015,Cambodia,KHM,20.3252032520325
2015,YR2015,Cameroon,CMR,31.1111111111111
2015,YR2015,Canada,CAN,26.0355029585799
2015,YR2015,Cayman Islands,CYM,..
2015,YR2015,Central African Republic,CAF,..
2015,YR2015,Chad,TCD,14.8936170212766
2015,YR2015,Channel Islands,CHI,..
2015,YR2015,Chile,CHL,15.8333333333333
2015,YR2015,China,CHN,23.6228455559311
2015,YR2015,Colombia,COL,19.8795180722892
2015,YR2015,Comoros,COM,3.03030303030303
2015,YR2015,"Congo, Dem. Rep.",COD,8.94308943089431
2015,YR2015,"Congo, Rep.",COG,7.35294117647059
2015,YR2015,Costa Rica,CRI,33.3333333333333
2015,YR2015,Cote d'Ivoire,CIV,9.16334661354582
2015,YR2015,Croatia,HRV,15.2317880794702
2015,YR2015,Cuba,CUB,48.8562091503268
2015,YR2015,Curacao,CUW,..
2015,YR2015,Cyprus,CYP,12.5
2015,YR2015,Czech Republic,CZE,20
2015,YR2015,Denmark,DNK,37.4301675977654
2015,YR2015,Djibouti,DJI,12.7272727272727
2015,YR2015,Dominica,DMA,21.875
2015,YR2015,Dominican Republic,DOM,20.7650273224044
2015,YR2015,Ecuador,ECU,41.6058394160584
2015,YR2015,"Egypt, Arab Rep.",EGY,..
2015,YR2015,El Salvador,SLV,32.1428571428571
2015,YR2015,Equatorial Guinea,GNQ,24
2015,YR2015,Eritrea,ERI,22
2015,YR2015,Estonia,EST,23.7623762376238
2015,YR2015,Eswatini,SWZ,6.15384615384615
2015,YR2015,Ethiopia,ETH,38.7568555758684
2015,YR2015,Faroe Islands,FRO,..
2015,YR2015,Fiji,FJI,16
2015,YR2015,Finland,FIN,41.5
2015,YR2015,France,FRA,26.1698440207972
2015,YR2015,French Polynesia,PYF,..
2015,YR2015,Gabon,GAB,14.1666666666667
2015,YR2015,"Gambia, The",GMB,9.43396226415094
2015,YR2015,Georgia,GEO,11.3333333333333
2015,YR2015,Germany,DEU,36.4500792393027
2015,YR2015,Ghana,GHA,10.9090909090909
2015,YR2015,Gibraltar,GIB,..
2015,YR2015,Greece,GRC,19.6666666666667
2015,YR2015,Greenland,GRL,..
2015,YR2015,Grenada,GRD,33.3333333333333
2015,YR2015,Guam,GUM,..
2015,YR2015,Guatemala,GTM,13.9240506329114
2015,YR2015,Guinea,GIN,21.9298245614035
2015,YR2015,Guinea-Bissau,GNB,13.7254901960784
2015,YR2015,Guyana,GUY,30.4347826086957
2015,YR2015,Haiti,HTI,4.21052631578947
2015,YR2015,Honduras,HND,25.78125
2015,YR2015,"Hong Kong SAR, China",HKG,..
2015,YR2015,Hungary,HUN,10.1010101010101
2015,YR2015,Iceland,ISL,41.2698412698413
2015,YR2015,India,IND,11.9705340699816
2015,YR2015,Indonesia,IDN,17.1171171171171
2015,YR2015,"Iran, Islamic Rep.",IRN,3.10344827586207
2015,YR2015,Iraq,IRQ,26.5243902439024
2015,YR2015,Ireland,IRL,16.2650602409639
2015,YR2015,Isle of Man,IMN,..
2015,YR2015,Israel,ISR,26.6666666666667
2015,YR2015,Italy,ITA,30.952380952381
2015,YR2015,Jamaica,JAM,12.6984126984127
2015,YR2015,Japan,JPN,9.47368421052632
2015,YR2015,Jordan,JOR,12
2015,YR2015,Kazakhstan,KAZ,26.1682242990654
2015,YR2015,Kenya,KEN,19.7142857142857
2015,YR2015,Kiribati,KIR,8.69565217391304
2015,YR2015,"Korea, Dem. People's Rep.",PRK,16.3027656477438
2015,YR2015,"Korea, Rep.",KOR,16.3333333333333
2015,YR2015,Kosovo,XKX,..
2015,YR2015,Kuwait,KWT,1.53846153846154
2015,YR2015,Kyrgyz Republic,KGZ,19.1666666666667
2015,YR2015,Lao PDR,LAO,25
2015,YR2015,Latvia,LVA,18
2015,YR2015,Lebanon,LBN,3.125
2015,YR2015,Lesotho,LSO,25
2015,YR2015,Liberia,LBR,10.958904109589
2015,YR2015,Libya,LBY,15.9574468085106
2015,YR2015,Liechtenstein,LIE,20
2015,YR2015,Lithuania,LTU,23.4042553191489
2015,YR2015,Luxembourg,LUX,28.3333333333333
2015,YR2015,"Macao SAR, China",MAC,..
2015,YR2015,Madagascar,MDG,20.5298013245033
2015,YR2015,Malawi,MWI,16.6666666666667
2015,YR2015,Malaysia,MYS,10.3603603603604
2015,YR2015,Maldives,MDV,5.88235294117647
2015,YR2015,Mali,MLI,8.84353741496599
2015,YR2015,Malta,MLT,12.8571428571429
2015,YR2015,Marshall Islands,MHL,9.09090909090909
2015,YR2015,Mauritania,MRT,25.1700680272109
2015,YR2015,Mauritius,MUS,11.5942028985507
2015,YR2015,Mexico,MEX,42.3694779116466
2015,YR2015,"Micronesia, Fed. Sts.",FSM,0
2015,YR2015,Moldova,MDA,21.7821782178218
2015,YR2015,Monaco,MCO,20.8333333333333
2015,YR2015,Mongolia,MNG,14.4736842105263
2015,YR2015,Montenegro,MNE,17.2839506172839
2015,YR2015,Morocco,MAR,16.9620253164557
2015,YR2015,Mozambique,MOZ,39.6
2015,YR2015,Myanmar,MMR,12.6934984520124
2015,YR2015,Namibia,NAM,41.3461538461538
2015,YR2015,Nauru,NRU,5.26315789473684
2015,YR2015,Nepal,NPL,29.5492487479132
2015,YR2015,Netherlands,NLD,37.3333333333333
2015,YR2015,New Caledonia,NCL,..
2015,YR2015,New Zealand,NZL,31.404958677686
2015,YR2015,Nicaragua,NIC,41.304347826087
2015,YR2015,Niger,NER,13.2743362831858
2015,YR2015,Nigeria,NGA,5.55555555555556
2015,YR2015,North Macedonia,MKD,33.3333333333333
2015,YR2015,Northern Mariana Islands,MNP,..
2015,YR2015,Norway,NOR,39.6449704142012
2015,YR2015,Oman,OMN,1.17647058823529
2015,YR2015,Pakistan,PAK,20.5882352941176
2015,YR2015,Palau,PLW,0
2015,YR2015,Panama,PAN,18.3098591549296
2015,YR2015,Papua New Guinea,PNG,2.7027027027027
2015,YR2015,Paraguay,PRY,15
2015,YR2015,Peru,PER,22.3076923076923
2015,YR2015,Philippines,PHL,27.2413793103448
2015,YR2015,Poland,POL,27.3913043478261
2015,YR2015,Portugal,PRT,34.7826086956522
2015,YR2015,Puerto Rico,PRI,..
2015,YR2015,Qatar,QAT,0
2015,YR2015,Romania,ROU,13.715710723192
2015,YR2015,Russian Federation,RUS,13.5555555555556
2015,YR2015,Rwanda,RWA,63.75
2015,YR2015,Samoa,WSM,6.12244897959184
2015,YR2015,San Marino,SMR,16.6666666666667
2015,YR2015,Sao Tome and Principe,STP,18.1818181818182
2015,YR2015,Saudi Arabia,SAU,19.8675496688742
2015,YR2015,Senegal,SEN,42.6666666666667
2015,YR2015,Serbia,SRB,34
2015,YR2015,Seychelles,SYC,43.75
2015,YR2015,Sierra Leone,SLE,12.396694214876
2015,YR2015,Singapore,SGP,23.9130434782609
2015,YR2015,Sint Maarten (Dutch part),SXM,..
2015,YR2015,Slovak Republic,SVK,18.6666666666667
2015,YR2015,Slovenia,SVN,36.6666666666667
2015,YR2015,Solomon Islands,SLB,2
2015,YR2015,Somalia,SOM,13.8181818181818
2015,YR2015,South Africa,ZAF,42
2015,YR2015,South Sudan,SSD,26.5060240963855
2015,YR2015,Spain,ESP,41.1428571428571
2015,YR2015,Sri Lanka,LKA,4.88888888888889
2015,YR2015,St. Kitts and Nevis,KNA,13.3333333333333
2015,YR2015,St. Lucia,LCA,16.6666666666667
2015,YR2015,St. Martin (French part),MAF,..
2015,YR2015,St. Vincent and the Grenadines,VCT,13.0434782608696
2015,YR2015,Sudan,SDN,30.5164319248826
2015,YR2015,Suriname,SUR,25.4901960784314
2015,YR2015,Sweden,SWE,43.5530085959885
2015,YR2015,Switzerland,CHE,32
2015,YR2015,Syrian Arab Republic,SYR,12.4
2015,YR2015,Tajikistan,TJK,19.047619047619
2015,YR2015,Tanzania,TZA,36
2015,YR2015,Thailand,THA,6.09137055837564
2015,YR2015,Timor-Leste,TLS,38.4615384615385
2015,YR2015,Togo,TGO,17.5824175824176
2015,YR2015,Tonga,TON,0
2015,YR2015,Trinidad and Tobago,TTO,30.952380952381
2015,YR2015,Tunisia,TUN,31.3364055299539
2015,YR2015,Turkey,TUR,14.9090909090909
2015,YR2015,Turkmenistan,TKM,25.8064516129032
2015,YR2015,Turks and Caicos Islands,TCA,..
2015,YR2015,Tuvalu,TUV,6.66666666666667
2015,YR2015,Uganda,UGA,34.9740932642487
2015,YR2015,Ukraine,UKR,12.085308056872
2015,YR2015,United Arab Emirates,ARE,22.5
2015,YR2015,United Kingdom,GBR,29.3846153846154
2015,YR2015,United States,USA,19.3548387096774
2015,YR2015,Uruguay,URY,16.1616161616162
2015,YR2015,Uzbekistan,UZB,16
2015,YR2015,Vanuatu,VUT,0
2015,YR2015,"Venezuela, RB",VEN,16.969696969697
2015,YR2015,Vietnam,VNM,24.2971887550201
2015,YR2015,Virgin Islands (U.S.),VIR,..
2015,YR2015,West Bank and Gaza,PSE,..
2015,YR2015,"Yemen, Rep.",YEM,0
2015,YR2015,Zambia,ZMB,12.6582278481013
2015,YR2015,Zimbabwe,ZWE,31.4814814814815
2016,YR2016,Afghanistan,AFG,27.710843373494
2016,YR2016,Albania,ALB,22.8571428571429
2016,YR2016,Algeria,DZA,31.6017316017316
2016,YR2016,American Samoa,ASM,..
2016,YR2016,Andorra,AND,32.1428571428571
2016,YR2016,Angola,AGO,36.8181818181818
2016,YR2016,Antigua and Barbuda,ATG,11.1111111111111
2016,YR2016,Argentina,ARG,35.7976653696498
2016,YR2016,Armenia,ARM,10.6870229007634
2016,YR2016,Aruba,ABW,..
2016,YR2016,Australia,AUS,28.6666666666667
2016,YR2016,Austria,AUT,30.6010928961749
2016,YR2016,Azerbaijan,AZE,16.8
2016,YR2016,"Bahamas, The",BHS,13.1578947368421
2016,YR2016,Bahrain,BHR,7.5
2016,YR2016,Bangladesh,BGD,20
2016,YR2016,Barbados,BRB,16.6666666666667
2016,YR2016,Belarus,BLR,34.5454545454545
2016,YR2016,Belgium,BEL,39.3333333333333
2016,YR2016,Belize,BLZ,3.125
2016,YR2016,Benin,BEN,7.2289156626506
2016,YR2016,Bermuda,BMU,..
2016,YR2016,Bhutan,BTN,8.51063829787234
2016,YR2016,Bolivia,BOL,53.0769230769231
2016,YR2016,Bosnia and Herzegovina,BIH,21.4285714285714
2016,YR2016,Botswana,BWA,9.52380952380952
2016,YR2016,Brazil,BRA,9.94152046783626
2016,YR2016,British Virgin Islands,VGB,..
2016,YR2016,Brunei Darussalam,BRN,6.45161290322581
2016,YR2016,Bulgaria,BGR,20.4166666666667
2016,YR2016,Burkina Faso,BFA,9.44881889763779
2016,YR2016,Burundi,BDI,36.3636363636364
2016,YR2016,Cabo Verde,CPV,23.6111111111111
2016,YR2016,Cambodia,KHM,20.3252032520325
2016,YR2016,Cameroon,CMR,31.1111111111111
2016,YR2016,Canada,CAN,26.0355029585799
2016,YR2016,Cayman Islands,CYM,..
2016,YR2016,Central African Republic,CAF,7.19424460431655
2016,YR2016,Chad,TCD,14.8936170212766
2016,YR2016,Channel Islands,CHI,..
2016,YR2016,Chile,CHL,15.8333333333333
2016,YR2016,China,CHN,23.6228455559311
2016,YR2016,Colombia,COL,19.8795180722892
2016,YR2016,Comoros,COM,3.03030303030303
2016,YR2016,"Congo, Dem. Rep.",COD,8.94308943089431
2016,YR2016,"Congo, Rep.",COG,7.35294117647059
2016,YR2016,Costa Rica,CRI,33.3333333333333
2016,YR2016,Cote d'Ivoire,CIV,9.16334661354582
2016,YR2016,Croatia,HRV,12.5827814569536
2016,YR2016,Cuba,CUB,48.8562091503268
2016,YR2016,Curacao,CUW,..
2016,YR2016,Cyprus,CYP,17.8571428571429
2016,YR2016,Czech Republic,CZE,20
2016,YR2016,Denmark,DNK,37.4301675977654
2016,YR2016,Djibouti,DJI,12.7272727272727
2016,YR2016,Dominica,DMA,21.875
2016,YR2016,Dominican Republic,DOM,26.8421052631579
2016,YR2016,Ecuador,ECU,41.6058394160584
2016,YR2016,"Egypt, Arab Rep.",EGY,14.9328859060403
2016,YR2016,El Salvador,SLV,32.1428571428571
2016,YR2016,Equatorial Guinea,GNQ,24
2016,YR2016,Eritrea,ERI,22
2016,YR2016,Estonia,EST,23.7623762376238
2016,YR2016,Eswatini,SWZ,6.15384615384615
2016,YR2016,Ethiopia,ETH,38.7568555758684
2016,YR2016,Faroe Islands,FRO,..
2016,YR2016,Fiji,FJI,16
2016,YR2016,Finland,FIN,41.5
2016,YR2016,France,FRA,26.1698440207972
2016,YR2016,French Polynesia,PYF,..
2016,YR2016,Gabon,GAB,14.1666666666667
2016,YR2016,"Gambia, The",GMB,9.43396226415094
2016,YR2016,Georgia,GEO,16
2016,YR2016,Germany,DEU,36.4500792393027
2016,YR2016,Ghana,GHA,10.9090909090909
2016,YR2016,Gibraltar,GIB,..
2016,YR2016,Greece,GRC,19.6666666666667
2016,YR2016,Greenland,GRL,..
2016,YR2016,Grenada,GRD,33.3333333333333
2016,YR2016,Guam,GUM,..
2016,YR2016,Guatemala,GTM,13.9240506329114
2016,YR2016,Guinea,GIN,21.9298245614035
2016,YR2016,Guinea-Bissau,GNB,13.7254901960784
2016,YR2016,Guyana,GUY,30.4347826086957
2016,YR2016,Haiti,HTI,0
2016,YR2016,Honduras,HND,25.78125
2016,YR2016,"Hong Kong SAR, China",HKG,..
2016,YR2016,Hungary,HUN,10.1010101010101
2016,YR2016,Iceland,ISL,47.6190476190476
2016,YR2016,India,IND,11.9705340699816
2016,YR2016,Indonesia,IDN,17.1171171171171
2016,YR2016,"Iran, Islamic Rep.",IRN,5.88235294117647
2016,YR2016,Iraq,IRQ,26.5243902439024
2016,YR2016,Ireland,IRL,22.1518987341772
2016,YR2016,Isle of Man,IMN,..
2016,YR2016,Israel,ISR,26.6666666666667
2016,YR2016,Italy,ITA,30.952380952381
2016,YR2016,Jamaica,JAM,17.4603174603175
2016,YR2016,Japan,JPN,9.47368421052632
2016,YR2016,Jordan,JOR,15.3846153846154
2016,YR2016,Kazakhstan,KAZ,27.1028037383178
2016,YR2016,Kenya,KEN,19.7142857142857
2016,YR2016,Kiribati,KIR,6.52173913043478
2016,YR2016,"Korea, Dem. People's Rep.",PRK,16.3027656477438
2016,YR2016,"Korea, Rep.",KOR,17
2016,YR2016,Kosovo,XKX,..
2016,YR2016,Kuwait,KWT,2
2016,YR2016,Kyrgyz Republic,KGZ,19.1666666666667
2016,YR2016,Lao PDR,LAO,27.5167785234899
2016,YR2016,Latvia,LVA,18
2016,YR2016,Lebanon,LBN,3.125
2016,YR2016,Lesotho,LSO,25
2016,YR2016,Liberia,LBR,10.958904109589
2016,YR2016,Libya,LBY,15.9574468085106
2016,YR2016,Liechtenstein,LIE,20
2016,YR2016,Lithuania,LTU,21.2765957446809
2016,YR2016,Luxembourg,LUX,28.3333333333333
2016,YR2016,"Macao SAR, China",MAC,..
2016,YR2016,Madagascar,MDG,20.5298013245033
2016,YR2016,Malawi,MWI,16.6666666666667
2016,YR2016,Malaysia,MYS,10.3603603603604
2016,YR2016,Maldives,MDV,5.88235294117647
2016,YR2016,Mali,MLI,8.84353741496599
2016,YR2016,Malta,MLT,12.8571428571429
2016,YR2016,Marshall Islands,MHL,9.09090909090909
2016,YR2016,Mauritania,MRT,25.1700680272109
2016,YR2016,Mauritius,MUS,11.5942028985507
2016,YR2016,Mexico,MEX,42.4
2016,YR2016,"Micronesia, Fed. Sts.",FSM,0
2016,YR2016,Moldova,MDA,21.7821782178218
2016,YR2016,Monaco,MCO,20.8333333333333
2016,YR2016,Mongolia,MNG,17.1052631578947
2016,YR2016,Montenegro,MNE,23.4567901234568
2016,YR2016,Morocco,MAR,20.5063291139241
2016,YR2016,Mozambique,MOZ,39.6
2016,YR2016,Myanmar,MMR,9.93071593533487
2016,YR2016,Namibia,NAM,41.3461538461538
2016,YR2016,Nauru,NRU,5.26315789473684
2016,YR2016,Nepal,NPL,29.5798319327731
2016,YR2016,Netherlands,NLD,37.3333333333333
2016,YR2016,New Caledonia,NCL,..
2016,YR2016,New Zealand,NZL,31.404958677686
2016,YR2016,Nicaragua,NIC,45.6521739130435
2016,YR2016,Niger,NER,14.6198830409357
2016,YR2016,Nigeria,NGA,5.55555555555556
2016,YR2016,North Macedonia,MKD,33.3333333333333
2016,YR2016,Northern Mariana Islands,MNP,..
2016,YR2016,Norway,NOR,39.6449704142012
2016,YR2016,Oman,OMN,1.17647058823529
2016,YR2016,Pakistan,PAK,20.5882352941176
2016,YR2016,Palau,PLW,12.5
2016,YR2016,Panama,PAN,18.3098591549296
2016,YR2016,Papua New Guinea,PNG,2.7027027027027
2016,YR2016,Paraguay,PRY,15
2016,YR2016,Peru,PER,27.6923076923077
2016,YR2016,Philippines,PHL,29.7945205479452
2016,YR2016,Poland,POL,27.3913043478261
2016,YR2016,Portugal,PRT,34.7826086956522
2016,YR2016,Puerto Rico,PRI,..
2016,YR2016,Qatar,QAT,0
2016,YR2016,Romania,ROU,13.715710723192
2016,YR2016,Russian Federation,RUS,12.6666666666667
2016,YR2016,Rwanda,RWA,63.75
2016,YR2016,Samoa,WSM,10
2016,YR2016,San Marino,SMR,23.3333333333333
2016,YR2016,Sao Tome and Principe,STP,18.1818181818182
2016,YR2016,Saudi Arabia,SAU,19.8675496688742
2016,YR2016,Senegal,SEN,42.6666666666667
2016,YR2016,Serbia,SRB,34
2016,YR2016,Seychelles,SYC,21.2121212121212
2016,YR2016,Sierra Leone,SLE,12.396694214876
2016,YR2016,Singapore,SGP,23.7623762376238
2016,YR2016,Sint Maarten (Dutch part),SXM,..
2016,YR2016,Slovak Republic,SVK,20
2016,YR2016,Slovenia,SVN,36.6666666666667
2016,YR2016,Solomon Islands,SLB,2
2016,YR2016,Somalia,SOM,..
2016,YR2016,South Africa,ZAF,42
2016,YR2016,South Sudan,SSD,28.4595300261097
2016,YR2016,Spain,ESP,39.1428571428571
2016,YR2016,Sri Lanka,LKA,5.77777777777778
2016,YR2016,St. Kitts and Nevis,KNA,13.3333333333333
2016,YR2016,St. Lucia,LCA,16.6666666666667
2016,YR2016,St. Martin (French part),MAF,..
2016,YR2016,St. Vincent and the Grenadines,VCT,13.0434782608696
2016,YR2016,Sudan,SDN,30.5164319248826
2016,YR2016,Suriname,SUR,25.4901960784314
2016,YR2016,Sweden,SWE,43.5530085959885
2016,YR2016,Switzerland,CHE,32
2016,YR2016,Syrian Arab Republic,SYR,13.2
2016,YR2016,Tajikistan,TJK,19.047619047619
2016,YR2016,Tanzania,TZA,36.5591397849462
2016,YR2016,Thailand,THA,6.09137055837564
2016,YR2016,Timor-Leste,TLS,38.4615384615385
2016,YR2016,Togo,TGO,17.5824175824176
2016,YR2016,Tonga,TON,0
2016,YR2016,Trinidad and Tobago,TTO,30.952380952381
2016,YR2016,Tunisia,TUN,31.3364055299539
2016,YR2016,Turkey,TUR,14.9090909090909
2016,YR2016,Turkmenistan,TKM,25.8064516129032
2016,YR2016,Turks and Caicos Islands,TCA,..
2016,YR2016,Tuvalu,TUV,6.66666666666667
2016,YR2016,Uganda,UGA,33.4894613583138
2016,YR2016,Ukraine,UKR,12.0192307692308
2016,YR2016,United Arab Emirates,ARE,22.5
2016,YR2016,United Kingdom,GBR,29.5839753466872
2016,YR2016,United States,USA,19.1685912240185
2016,YR2016,Uruguay,URY,16.1616161616162
2016,YR2016,Uzbekistan,UZB,16
2016,YR2016,Vanuatu,VUT,0
2016,YR2016,"Venezuela, RB",VEN,14.3712574850299
2016,YR2016,Vietnam,VNM,26.7206477732794
2016,YR2016,Virgin Islands (U.S.),VIR,..
2016,YR2016,West Bank and Gaza,PSE,..
2016,YR2016,"Yemen, Rep.",YEM,0
2016,YR2016,Zambia,ZMB,17.9640718562874
2016,YR2016,Zimbabwe,ZWE,31.4814814814815
2017,YR2017,Afghanistan,AFG,27.710843373494
2017,YR2017,Albania,ALB,27.8571428571429
2017,YR2017,Algeria,DZA,25.7575757575758
2017,YR2017,American Samoa,ASM,..
2017,YR2017,Andorra,AND,32.1428571428571
2017,YR2017,Angola,AGO,30.4545454545455
2017,YR2017,Antigua and Barbuda,ATG,11.1111111111111
2017,YR2017,Argentina,ARG,38.1322957198444
2017,YR2017,Armenia,ARM,18.0952380952381
2017,YR2017,Aruba,ABW,..
2017,YR2017,Australia,AUS,28.6666666666667
2017,YR2017,Austria,AUT,34.4262295081967
2017,YR2017,Azerbaijan,AZE,16.8
2017,YR2017,"Bahamas, The",BHS,12.8205128205128
2017,YR2017,Bahrain,BHR,7.5
2017,YR2017,Bangladesh,BGD,20.2857142857143
2017,YR2017,Barbados,BRB,16.6666666666667
2017,YR2017,Belarus,BLR,34.5454545454545
2017,YR2017,Belgium,BEL,38
2017,YR2017,Belize,BLZ,9.375
2017,YR2017,Benin,BEN,7.2289156626506
2017,YR2017,Bermuda,BMU,..
2017,YR2017,Bhutan,BTN,8.51063829787234
2017,YR2017,Bolivia,BOL,53.0769230769231
2017,YR2017,Bosnia and Herzegovina,BIH,21.4285714285714
2017,YR2017,Botswana,BWA,9.52380952380952
2017,YR2017,Brazil,BRA,10.7212475633528
2017,YR2017,British Virgin Islands,VGB,..
2017,YR2017,Brunei Darussalam,BRN,9.09090909090909
2017,YR2017,Bulgaria,BGR,23.75
2017,YR2017,Burkina Faso,BFA,11.0236220472441
2017,YR2017,Burundi,BDI,36.3636363636364
2017,YR2017,Cabo Verde,CPV,23.6111111111111
2017,YR2017,Cambodia,KHM,20.3252032520325
2017,YR2017,Cameroon,CMR,31.1111111111111
2017,YR2017,Canada,CAN,26.2686567164179
2017,YR2017,Cayman Islands,CYM,..
2017,YR2017,Central African Republic,CAF,8.57142857142857
2017,YR2017,Chad,TCD,12.7659574468085
2017,YR2017,Channel Islands,CHI,..
2017,YR2017,Chile,CHL,..
2017,YR2017,China,CHN,24.2476060191518
2017,YR2017,Colombia,COL,18.6746987951807
2017,YR2017,Comoros,COM,6.06060606060606
2017,YR2017,"Congo, Dem. Rep.",COD,8.94308943089431
2017,YR2017,"Congo, Rep.",COG,11.2582781456954
2017,YR2017,Costa Rica,CRI,35.0877192982456
2017,YR2017,Cote d'Ivoire,CIV,10.5882352941176
2017,YR2017,Croatia,HRV,18.5430463576159
2017,YR2017,Cuba,CUB,48.8562091503268
2017,YR2017,Curacao,CUW,..
2017,YR2017,Cyprus,CYP,17.8571428571429
2017,YR2017,Czech Republic,CZE,22
2017,YR2017,Denmark,DNK,37.4301675977654
2017,YR2017,Djibouti,DJI,10.7692307692308
2017,YR2017,Dominica,DMA,25
2017,YR2017,Dominican Republic,DOM,26.8421052631579
2017,YR2017,Ecuador,ECU,37.956204379562
2017,YR2017,"Egypt, Arab Rep.",EGY,14.9328859060403
2017,YR2017,El Salvador,SLV,32.1428571428571
2017,YR2017,Equatorial Guinea,GNQ,..
2017,YR2017,Eritrea,ERI,22
2017,YR2017,Estonia,EST,26.7326732673267
2017,YR2017,Eswatini,SWZ,6.15384615384615
2017,YR2017,Ethiopia,ETH,38.7568555758684
2017,YR2017,Faroe Islands,FRO,..
2017,YR2017,Fiji,FJI,16
2017,YR2017,Finland,FIN,42
2017,YR2017,France,FRA,38.9948006932409
2017,YR2017,French Polynesia,PYF,..
2017,YR2017,Gabon,GAB,17.0940170940171
2017,YR2017,"Gambia, The",GMB,10.3448275862069
2017,YR2017,Georgia,GEO,16
2017,YR2017,Germany,DEU,30.7475317348378
2017,YR2017,Ghana,GHA,12.7272727272727
2017,YR2017,Gibraltar,GIB,..
2017,YR2017,Greece,GRC,18.3333333333333
2017,YR2017,Greenland,GRL,..
2017,YR2017,Grenada,GRD,33.3333333333333
2017,YR2017,Guam,GUM,..
2017,YR2017,Guatemala,GTM,12.6582278481013
2017,YR2017,Guinea,GIN,21.9298245614035
2017,YR2017,Guinea-Bissau,GNB,13.7254901960784
2017,YR2017,Guyana,GUY,31.8840579710145
2017,YR2017,Haiti,HTI,2.54237288135593
2017,YR2017,Honduras,HND,..
2017,YR2017,"Hong Kong SAR, China",HKG,..
2017,YR2017,Hungary,HUN,10.0502512562814
2017,YR2017,Iceland,ISL,38.0952380952381
2017,YR2017,India,IND,11.8081180811808
2017,YR2017,Indonesia,IDN,19.8214285714286
2017,YR2017,"Iran, Islamic Rep.",IRN,5.88235294117647
2017,YR2017,Iraq,IRQ,25.3048780487805
2017,YR2017,Ireland,IRL,22.1518987341772
2017,YR2017,Isle of Man,IMN,..
2017,YR2017,Israel,ISR,27.5
2017,YR2017,Italy,ITA,30.952380952381
2017,YR2017,Jamaica,JAM,17.4603174603175
2017,YR2017,Japan,JPN,10.1075268817204
2017,YR2017,Jordan,JOR,15.3846153846154
2017,YR2017,Kazakhstan,KAZ,27.1028037383178
2017,YR2017,Kenya,KEN,21.7765042979943
2017,YR2017,Kiribati,KIR,6.52173913043478
2017,YR2017,"Korea, Dem. People's Rep.",PRK,16.3027656477438
2017,YR2017,"Korea, Rep.",KOR,17
2017,YR2017,Kosovo,XKX,..
2017,YR2017,Kuwait,KWT,3.07692307692308
2017,YR2017,Kyrgyz Republic,KGZ,19.1666666666667
2017,YR2017,Lao PDR,LAO,27.5167785234899
2017,YR2017,Latvia,LVA,16
2017,YR2017,Lebanon,LBN,3.125
2017,YR2017,Lesotho,LSO,22.1311475409836
2017,YR2017,Liberia,LBR,9.85915492957746
2017,YR2017,Libya,LBY,15.9574468085106
2017,YR2017,Liechtenstein,LIE,12
2017,YR2017,Lithuania,LTU,21.2765957446809
2017,YR2017,Luxembourg,LUX,28.3333333333333
2017,YR2017,"Macao SAR, China",MAC,..
2017,YR2017,Madagascar,MDG,19.205298013245
2017,YR2017,Malawi,MWI,16.6666666666667
2017,YR2017,Malaysia,MYS,10.3603603603604
2017,YR2017,Maldives,MDV,5.88235294117647
2017,YR2017,Mali,MLI,8.84353741496599
2017,YR2017,Malta,MLT,11.9402985074627
2017,YR2017,Marshall Islands,MHL,9.09090909090909
2017,YR2017,Mauritania,MRT,25.1700680272109
2017,YR2017,Mauritius,MUS,11.5942028985507
2017,YR2017,Mexico,MEX,42.6
2017,YR2017,"Micronesia, Fed. Sts.",FSM,0
2017,YR2017,Moldova,MDA,22.7722772277228
2017,YR2017,Monaco,MCO,20.8333333333333
2017,YR2017,Mongolia,MNG,17.1052631578947
2017,YR2017,Montenegro,MNE,23.4567901234568
2017,YR2017,Morocco,MAR,20.5063291139241
2017,YR2017,Mozambique,MOZ,39.6
2017,YR2017,Myanmar,MMR,10.161662817552
2017,YR2017,Namibia,NAM,41.3461538461538
2017,YR2017,Nauru,NRU,10.5263157894737
2017,YR2017,Nepal,NPL,29.5798319327731
2017,YR2017,Netherlands,NLD,36
2017,YR2017,New Caledonia,NCL,..
2017,YR2017,New Zealand,NZL,38.3333333333333
2017,YR2017,Nicaragua,NIC,45.6521739130435
2017,YR2017,Niger,NER,16.9590643274854
2017,YR2017,Nigeria,NGA,5.55555555555556
2017,YR2017,North Macedonia,MKD,37.5
2017,YR2017,Northern Mariana Islands,MNP,..
2017,YR2017,Norway,NOR,41.4201183431953
2017,YR2017,Oman,OMN,1.17647058823529
2017,YR2017,Pakistan,PAK,20.5882352941176
2017,YR2017,Palau,PLW,12.5
2017,YR2017,Panama,PAN,18.3098591549296
2017,YR2017,Papua New Guinea,PNG,0
2017,YR2017,Paraguay,PRY,13.75
2017,YR2017,Peru,PER,27.6923076923077
2017,YR2017,Philippines,PHL,29.4520547945205
2017,YR2017,Poland,POL,28.0434782608696
2017,YR2017,Portugal,PRT,34.7826086956522
2017,YR2017,Puerto Rico,PRI,..
2017,YR2017,Qatar,QAT,9.75609756097561
2017,YR2017,Romania,ROU,20.6686930091185
2017,YR2017,Russian Federation,RUS,15.7777777777778
2017,YR2017,Rwanda,RWA,61.25
2017,YR2017,Samoa,WSM,10
2017,YR2017,San Marino,SMR,26.6666666666667
2017,YR2017,Sao Tome and Principe,STP,18.1818181818182
2017,YR2017,Saudi Arabia,SAU,19.8675496688742
2017,YR2017,Senegal,SEN,41.8181818181818
2017,YR2017,Serbia,SRB,34.4
2017,YR2017,Seychelles,SYC,21.2121212121212
2017,YR2017,Sierra Leone,SLE,12.396694214876
2017,YR2017,Singapore,SGP,23
2017,YR2017,Sint Maarten (Dutch part),SXM,..
2017,YR2017,Slovak Republic,SVK,20
2017,YR2017,Slovenia,SVN,36.6666666666667
2017,YR2017,Solomon Islands,SLB,2
2017,YR2017,Somalia,SOM,24.3636363636364
2017,YR2017,South Africa,ZAF,41.8367346938776
2017,YR2017,South Sudan,SSD,28.4595300261097
2017,YR2017,Spain,ESP,39.1428571428571
2017,YR2017,Sri Lanka,LKA,5.77777777777778
2017,YR2017,St. Kitts and Nevis,KNA,13.3333333333333
2017,YR2017,St. Lucia,LCA,16.6666666666667
2017,YR2017,St. Martin (French part),MAF,..
2017,YR2017,St. Vincent and the Grenadines,VCT,13.0434782608696
2017,YR2017,Sudan,SDN,30.5164319248826
2017,YR2017,Suriname,SUR,25.4901960784314
2017,YR2017,Sweden,SWE,43.5530085959885
2017,YR2017,Switzerland,CHE,32.5
2017,YR2017,Syrian Arab Republic,SYR,13.2
2017,YR2017,Tajikistan,TJK,19.047619047619
2017,YR2017,Tanzania,TZA,37.1794871794872
2017,YR2017,Thailand,THA,4.8
2017,YR2017,Timor-Leste,TLS,32.3076923076923
2017,YR2017,Togo,TGO,17.5824175824176
2017,YR2017,Tonga,TON,7.69230769230769
2017,YR2017,Trinidad and Tobago,TTO,30.952380952381
2017,YR2017,Tunisia,TUN,31.3364055299539
2017,YR2017,Turkey,TUR,14.5719489981785
2017,YR2017,Turkmenistan,TKM,25.8064516129032
2017,YR2017,Turks and Caicos Islands,TCA,..
2017,YR2017,Tuvalu,TUV,6.66666666666667
2017,YR2017,Uganda,UGA,34.2984409799555
2017,YR2017,Ukraine,UKR,12.2931442080378
2017,YR2017,United Arab Emirates,ARE,22.5
2017,YR2017,United Kingdom,GBR,32
2017,YR2017,United States,USA,19.3548387096774
2017,YR2017,Uruguay,URY,20.2020202020202
2017,YR2017,Uzbekistan,UZB,16
2017,YR2017,Vanuatu,VUT,0
2017,YR2017,"Venezuela, RB",VEN,22.1556886227545
2017,YR2017,Vietnam,VNM,26.7206477732794
2017,YR2017,Virgin Islands (U.S.),VIR,..
2017,YR2017,West Bank and Gaza,PSE,..
2017,YR2017,"Yemen, Rep.",YEM,0
2017,YR2017,Zambia,ZMB,17.9640718562874
2017,YR2017,Zimbabwe,ZWE,32.5757575757576
2018,YR2018,Afghanistan,AFG,..
2018,YR2018,Albania,ALB,27.8571428571429
2018,YR2018,Algeria,DZA,25.7575757575758
2018,YR2018,American Samoa,ASM,..
2018,YR2018,Andorra,AND,32.1428571428571
2018,YR2018,Angola,AGO,30.4545454545455
2018,YR2018,Antigua and Barbuda,ATG,11.1111111111111
2018,YR2018,Argentina,ARG,38.9105058365759
2018,YR2018,Armenia,ARM,18.0952380952381
2018,YR2018,Aruba,ABW,..
2018,YR2018,Australia,AUS,28.6666666666667
2018,YR2018,Austria,AUT,34.4262295081967
2018,YR2018,Azerbaijan,AZE,16.8
2018,YR2018,"Bahamas, The",BHS,12.8205128205128
2018,YR2018,Bahrain,BHR,15
2018,YR2018,Bangladesh,BGD,20.2857142857143
2018,YR2018,Barbados,BRB,20
2018,YR2018,Belarus,BLR,34.5454545454545
2018,YR2018,Belgium,BEL,38
2018,YR2018,Belize,BLZ,9.375
2018,YR2018,Benin,BEN,7.2289156626506
2018,YR2018,Bermuda,BMU,..
2018,YR2018,Bhutan,BTN,14.8936170212766
2018,YR2018,Bolivia,BOL,53.0769230769231
2018,YR2018,Bosnia and Herzegovina,BIH,21.4285714285714
2018,YR2018,Botswana,BWA,9.52380952380952
2018,YR2018,Brazil,BRA,15.009746588694
2018,YR2018,British Virgin Islands,VGB,..
2018,YR2018,Brunei Darussalam,BRN,9.09090909090909
2018,YR2018,Bulgaria,BGR,23.75
2018,YR2018,Burkina Faso,BFA,11.0236220472441
2018,YR2018,Burundi,BDI,36.3636363636364
2018,YR2018,Cabo Verde,CPV,23.6111111111111
2018,YR2018,Cambodia,KHM,20
2018,YR2018,Cameroon,CMR,31.1111111111111
2018,YR2018,Canada,CAN,26.9461077844311
2018,YR2018,Cayman Islands,CYM,..
2018,YR2018,Central African Republic,CAF,8.57142857142857
2018,YR2018,Chad,TCD,15.2542372881356
2018,YR2018,Channel Islands,CHI,..
2018,YR2018,Chile,CHL,22.5806451612903
2018,YR2018,China,CHN,24.8993288590604
2018,YR2018,Colombia,COL,18.1286549707602
2018,YR2018,Comoros,COM,6.06060606060606
2018,YR2018,"Congo, Dem. Rep.",COD,8.94308943089431
2018,YR2018,"Congo, Rep.",COG,11.2582781456954
2018,YR2018,Costa Rica,CRI,45.6140350877193
2018,YR2018,Cote d'Ivoire,CIV,10.5882352941176
2018,YR2018,Croatia,HRV,18.5430463576159
2018,YR2018,Cuba,CUB,53.2231404958678
2018,YR2018,Curacao,CUW,..
2018,YR2018,Cyprus,CYP,17.8571428571429
2018,YR2018,Czech Republic,CZE,22
2018,YR2018,Denmark,DNK,37.4301675977654
2018,YR2018,Djibouti,DJI,26.1538461538462
2018,YR2018,Dominica,DMA,25
2018,YR2018,Dominican Republic,DOM,26.8421052631579
2018,YR2018,Ecuador,ECU,37.956204379562
2018,YR2018,"Egypt, Arab Rep.",EGY,14.9328859060403
2018,YR2018,El Salvador,SLV,30.952380952381
2018,YR2018,Equatorial Guinea,GNQ,20
2018,YR2018,Eritrea,ERI,22
2018,YR2018,Estonia,EST,26.7326732673267
2018,YR2018,Eswatini,SWZ,7.2463768115942
2018,YR2018,Ethiopia,ETH,38.7568555758684
2018,YR2018,Faroe Islands,FRO,..
2018,YR2018,Fiji,FJI,19.6078431372549
2018,YR2018,Finland,FIN,42
2018,YR2018,France,FRA,39.5833333333333
2018,YR2018,French Polynesia,PYF,..
2018,YR2018,Gabon,GAB,..
2018,YR2018,"Gambia, The",GMB,10.3448275862069
2018,YR2018,Georgia,GEO,16
2018,YR2018,Germany,DEU,30.7475317348378
2018,YR2018,Ghana,GHA,12.7272727272727
2018,YR2018,Gibraltar,GIB,..
2018,YR2018,Greece,GRC,18.6666666666667
2018,YR2018,Greenland,GRL,..
2018,YR2018,Grenada,GRD,46.6666666666667
2018,YR2018,Guam,GUM,..
2018,YR2018,Guatemala,GTM,12.6582278481013
2018,YR2018,Guinea,GIN,21.9298245614035
2018,YR2018,Guinea-Bissau,GNB,13.7254901960784
2018,YR2018,Guyana,GUY,31.8840579710145
2018,YR2018,Haiti,HTI,2.54237288135593
2018,YR2018,Honduras,HND,21.09375
2018,YR2018,"Hong Kong SAR, China",HKG,..
2018,YR2018,Hungary,HUN,12.5628140703518
2018,YR2018,Iceland,ISL,38.0952380952381
2018,YR2018,India,IND,11.8081180811808
2018,YR2018,Indonesia,IDN,19.8214285714286
2018,YR2018,"Iran, Islamic Rep.",IRN,5.88235294117647
2018,YR2018,Iraq,IRQ,25.2279635258359
2018,YR2018,Ireland,IRL,22.1518987341772
2018,YR2018,Isle of Man,IMN,..
2018,YR2018,Israel,ISR,27.5
2018,YR2018,Italy,ITA,35.7142857142857
2018,YR2018,Jamaica,JAM,17.4603174603175
2018,YR2018,Japan,JPN,10.1075268817204
2018,YR2018,Jordan,JOR,15.3846153846154
2018,YR2018,Kazakhstan,KAZ,27.1028037383178
2018,YR2018,Kenya,KEN,21.7765042979943
2018,YR2018,Kiribati,KIR,6.52173913043478
2018,YR2018,"Korea, Dem. People's Rep.",PRK,16.3027656477438
2018,YR2018,"Korea, Rep.",KOR,17
2018,YR2018,Kosovo,XKX,..
2018,YR2018,Kuwait,KWT,3.07692307692308
2018,YR2018,Kyrgyz Republic,KGZ,19.1666666666667
2018,YR2018,Lao PDR,LAO,27.5167785234899
2018,YR2018,Latvia,LVA,31
2018,YR2018,Lebanon,LBN,4.6875
2018,YR2018,Lesotho,LSO,22.1311475409836
2018,YR2018,Liberia,LBR,12.3287671232877
2018,YR2018,Libya,LBY,15.9574468085106
2018,YR2018,Liechtenstein,LIE,12
2018,YR2018,Lithuania,LTU,21.2765957446809
2018,YR2018,Luxembourg,LUX,20
2018,YR2018,"Macao SAR, China",MAC,..
2018,YR2018,Madagascar,MDG,19.205298013245
2018,YR2018,Malawi,MWI,16.6666666666667
2018,YR2018,Malaysia,MYS,13.9013452914798
2018,YR2018,Maldives,MDV,5.88235294117647
2018,YR2018,Mali,MLI,8.84353741496599
2018,YR2018,Malta,MLT,11.9402985074627
2018,YR2018,Marshall Islands,MHL,9.09090909090909
2018,YR2018,Mauritania,MRT,20.2614379084967
2018,YR2018,Mauritius,MUS,11.5942028985507
2018,YR2018,Mexico,MEX,48.2
2018,YR2018,"Micronesia, Fed. Sts.",FSM,0
2018,YR2018,Moldova,MDA,22.7722772277228
2018,YR2018,Monaco,MCO,33.3333333333333
2018,YR2018,Mongolia,MNG,17.1052631578947
2018,YR2018,Montenegro,MNE,23.4567901234568
2018,YR2018,Morocco,MAR,20.5063291139241
2018,YR2018,Mozambique,MOZ,39.6
2018,YR2018,Myanmar,MMR,10.161662817552
2018,YR2018,Namibia,NAM,46.1538461538462
2018,YR2018,Nauru,NRU,10.5263157894737
2018,YR2018,Nepal,NPL,32.7272727272727
2018,YR2018,Netherlands,NLD,36
2018,YR2018,New Caledonia,NCL,..
2018,YR2018,New Zealand,NZL,38.3333333333333
2018,YR2018,Nicaragua,NIC,45.6521739130435
2018,YR2018,Niger,NER,16.9590643274854
2018,YR2018,Nigeria,NGA,5.55555555555556
2018,YR2018,North Macedonia,MKD,38.3333333333333
2018,YR2018,Northern Mariana Islands,MNP,..
2018,YR2018,Norway,NOR,41.4201183431953
2018,YR2018,Oman,OMN,1.17647058823529
2018,YR2018,Pakistan,PAK,20.2346041055718
2018,YR2018,Palau,PLW,12.5
2018,YR2018,Panama,PAN,18.3098591549296
2018,YR2018,Papua New Guinea,PNG,0
2018,YR2018,Paraguay,PRY,15
2018,YR2018,Peru,PER,27.6923076923077
2018,YR2018,Philippines,PHL,29.4520547945205
2018,YR2018,Poland,POL,28.0434782608696
2018,YR2018,Portugal,PRT,34.7826086956522
2018,YR2018,Puerto Rico,PRI,..
2018,YR2018,Qatar,QAT,9.75609756097561
2018,YR2018,Romania,ROU,20.6686930091185
2018,YR2018,Russian Federation,RUS,15.7777777777778
2018,YR2018,Rwanda,RWA,61.25
2018,YR2018,Samoa,WSM,10
2018,YR2018,San Marino,SMR,26.6666666666667
2018,YR2018,Sao Tome and Principe,STP,14.5454545454545
2018,YR2018,Saudi Arabia,SAU,19.8675496688742
2018,YR2018,Senegal,SEN,41.8181818181818
2018,YR2018,Serbia,SRB,34.4
2018,YR2018,Seychelles,SYC,21.2121212121212
2018,YR2018,Sierra Leone,SLE,12.3287671232877
2018,YR2018,Singapore,SGP,23
2018,YR2018,Sint Maarten (Dutch part),SXM,..
2018,YR2018,Slovak Republic,SVK,20
2018,YR2018,Slovenia,SVN,24.4444444444444
2018,YR2018,Solomon Islands,SLB,2.04081632653061
2018,YR2018,Somalia,SOM,24.3636363636364
2018,YR2018,South Africa,ZAF,42.7480916030534
2018,YR2018,South Sudan,SSD,28.4595300261097
2018,YR2018,Spain,ESP,39.1428571428571
2018,YR2018,Sri Lanka,LKA,5.77777777777778
2018,YR2018,St. Kitts and Nevis,KNA,13.3333333333333
2018,YR2018,St. Lucia,LCA,16.6666666666667
2018,YR2018,St. Martin (French part),MAF,..
2018,YR2018,St. Vincent and the Grenadines,VCT,13.0434782608696
2018,YR2018,Sudan,SDN,30.5164319248826
2018,YR2018,Suriname,SUR,25.4901960784314
2018,YR2018,Sweden,SWE,46.1318051575931
2018,YR2018,Switzerland,CHE,32.5
2018,YR2018,Syrian Arab Republic,SYR,13.2
2018,YR2018,Tajikistan,TJK,19.047619047619
2018,YR2018,Tanzania,TZA,37.1794871794872
2018,YR2018,Thailand,THA,5.28455284552846
2018,YR2018,Timor-Leste,TLS,33.8461538461538
2018,YR2018,Togo,TGO,17.5824175824176
2018,YR2018,Tonga,TON,7.40740740740741
2018,YR2018,Trinidad and Tobago,TTO,30.952380952381
2018,YR2018,Tunisia,TUN,31.3364055299539
2018,YR2018,Turkey,TUR,17.4496644295302
2018,YR2018,Turkmenistan,TKM,24.8
2018,YR2018,Turks and Caicos Islands,TCA,..
2018,YR2018,Tuvalu,TUV,6.66666666666667
2018,YR2018,Uganda,UGA,34.2984409799555
2018,YR2018,Ukraine,UKR,12.2931442080378
2018,YR2018,United Arab Emirates,ARE,22.5
2018,YR2018,United Kingdom,GBR,32.1538461538462
2018,YR2018,United States,USA,23.5023041474654
2018,YR2018,Uruguay,URY,20.2020202020202
2018,YR2018,Uzbekistan,UZB,16
2018,YR2018,Vanuatu,VUT,0
2018,YR2018,"Venezuela, RB",VEN,22.1556886227545
2018,YR2018,Vietnam,VNM,26.7206477732794
2018,YR2018,Virgin Islands (U.S.),VIR,..
2018,YR2018,West Bank and Gaza,PSE,..
2018,YR2018,"Yemen, Rep.",YEM,0
2018,YR2018,Zambia,ZMB,17.9640718562874
2018,YR2018,Zimbabwe,ZWE,31.4814814814815
2019,YR2019,Afghanistan,AFG,27.8688524590164
2019,YR2019,Albania,ALB,29.5081967213115
2019,YR2019,Algeria,DZA,25.7575757575758
2019,YR2019,American Samoa,ASM,..
2019,YR2019,Andorra,AND,46.4285714285714
2019,YR2019,Angola,AGO,30
2019,YR2019,Antigua and Barbuda,ATG,11.1111111111111
2019,YR2019,Argentina,ARG,40.1574803149606
2019,YR2019,Armenia,ARM,23.4848484848485
2019,YR2019,Aruba,ABW,..
2019,YR2019,Australia,AUS,30.4635761589404
2019,YR2019,Austria,AUT,39.344262295082
2019,YR2019,Azerbaijan,AZE,16.8067226890756
2019,YR2019,"Bahamas, The",BHS,12.8205128205128
2019,YR2019,Bahrain,BHR,15
2019,YR2019,Bangladesh,BGD,20.6303724928367
2019,YR2019,Barbados,BRB,20
2019,YR2019,Belarus,BLR,40
2019,YR2019,Belgium,BEL,42
2019,YR2019,Belize,BLZ,9.375
2019,YR2019,Benin,BEN,7.2289156626506
2019,YR2019,Bermuda,BMU,..
2019,YR2019,Bhutan,BTN,14.8936170212766
2019,YR2019,Bolivia,BOL,53.0769230769231
2019,YR2019,Bosnia and Herzegovina,BIH,21.4285714285714
2019,YR2019,Botswana,BWA,10.7692307692308
2019,YR2019,Brazil,BRA,15.009746588694
2019,YR2019,British Virgin Islands,VGB,..
2019,YR2019,Brunei Darussalam,BRN,9.09090909090909
2019,YR2019,Bulgaria,BGR,25.8333333333333
2019,YR2019,Burkina Faso,BFA,13.3858267716535
2019,YR2019,Burundi,BDI,36.3636363636364
2019,YR2019,Cabo Verde,CPV,23.6111111111111
2019,YR2019,Cambodia,KHM,20
2019,YR2019,Cameroon,CMR,31.1111111111111
2019,YR2019,Canada,CAN,28.9940828402367
2019,YR2019,Cayman Islands,CYM,..
2019,YR2019,Central African Republic,CAF,8.57142857142857
2019,YR2019,Chad,TCD,14.8809523809524
2019,YR2019,Channel Islands,CHI,..
2019,YR2019,Chile,CHL,22.5806451612903
2019,YR2019,China,CHN,24.9411764705882
2019,YR2019,Colombia,COL,18.7134502923977
2019,YR2019,Comoros,COM,6.06060606060606
2019,YR2019,"Congo, Dem. Rep.",COD,10
2019,YR2019,"Congo, Rep.",COG,11.2582781456954
2019,YR2019,Costa Rica,CRI,45.6140350877193
2019,YR2019,Cote d'Ivoire,CIV,10.9803921568627
2019,YR2019,Croatia,HRV,20.5298013245033
2019,YR2019,Cuba,CUB,53.2231404958678
2019,YR2019,Curacao,CUW,..
2019,YR2019,Cyprus,CYP,17.8571428571429
2019,YR2019,Czech Republic,CZE,22.5
2019,YR2019,Denmark,DNK,39.1061452513966
2019,YR2019,Djibouti,DJI,26.1538461538462
2019,YR2019,Dominica,DMA,25
2019,YR2019,Dominican Republic,DOM,26.8421052631579
2019,YR2019,Ecuador,ECU,37.956204379562
2019,YR2019,"Egypt, Arab Rep.",EGY,14.9328859060403
2019,YR2019,El Salvador,SLV,30.952380952381
2019,YR2019,Equatorial Guinea,GNQ,21
2019,YR2019,Eritrea,ERI,22
2019,YR2019,Estonia,EST,29.7029702970297
2019,YR2019,Eswatini,SWZ,7.2463768115942
2019,YR2019,Ethiopia,ETH,38.7568555758684
2019,YR2019,Faroe Islands,FRO,..
2019,YR2019,Fiji,FJI,19.6078431372549
2019,YR2019,Finland,FIN,47
2019,YR2019,France,FRA,39.6880415944541
2019,YR2019,French Polynesia,PYF,..
2019,YR2019,Gabon,GAB,17.910447761194
2019,YR2019,"Gambia, The",GMB,10.3448275862069
2019,YR2019,Georgia,GEO,14.7651006711409
2019,YR2019,Germany,DEU,30.8885754583921
2019,YR2019,Ghana,GHA,13.0909090909091
2019,YR2019,Gibraltar,GIB,..
2019,YR2019,Greece,GRC,20.6666666666667
2019,YR2019,Greenland,GRL,..
2019,YR2019,Grenada,GRD,46.6666666666667
2019,YR2019,Guam,GUM,..
2019,YR2019,Guatemala,GTM,19.375
2019,YR2019,Guinea,GIN,22.8070175438596
2019,YR2019,Guinea-Bissau,GNB,13.7254901960784
2019,YR2019,Guyana,GUY,31.8840579710145
2019,YR2019,Haiti,HTI,2.54237288135593
2019,YR2019,Honduras,HND,21.09375
2019,YR2019,"Hong Kong SAR, China",HKG,..
2019,YR2019,Hungary,HUN,12.5628140703518
2019,YR2019,Iceland,ISL,38.0952380952381
2019,YR2019,India,IND,14.3911439114391
2019,YR2019,Indonesia,IDN,17.3913043478261
2019,YR2019,"Iran, Islamic Rep.",IRN,5.88235294117647
2019,YR2019,Iraq,IRQ,25.2279635258359
2019,YR2019,Ireland,IRL,22.1518987341772
2019,YR2019,Isle of Man,IMN,..
2019,YR2019,Israel,ISR,23.3333333333333
2019,YR2019,Italy,ITA,35.7142857142857
2019,YR2019,Jamaica,JAM,17.4603174603175
2019,YR2019,Japan,JPN,10.1075268817204
2019,YR2019,Jordan,JOR,15.3846153846154
2019,YR2019,Kazakhstan,KAZ,27.1028037383178
2019,YR2019,Kenya,KEN,21.7765042979943
2019,YR2019,Kiribati,KIR,6.52173913043478
2019,YR2019,"Korea, Dem. People's Rep.",PRK,17.6128093158661
2019,YR2019,"Korea, Rep.",KOR,16.6666666666667
2019,YR2019,Kosovo,XKX,..
2019,YR2019,Kuwait,KWT,4.61538461538462
2019,YR2019,Kyrgyz Republic,KGZ,19.1666666666667
2019,YR2019,Lao PDR,LAO,27.5167785234899
2019,YR2019,Latvia,LVA,30
2019,YR2019,Lebanon,LBN,4.6875
2019,YR2019,Lesotho,LSO,23.3333333333333
2019,YR2019,Liberia,LBR,12.3287671232877
2019,YR2019,Libya,LBY,15.9574468085106
2019,YR2019,Liechtenstein,LIE,12
2019,YR2019,Lithuania,LTU,21.2765957446809
2019,YR2019,Luxembourg,LUX,25
2019,YR2019,"Macao SAR, China",MAC,..
2019,YR2019,Madagascar,MDG,15.8940397350993
2019,YR2019,Malawi,MWI,22.9166666666667
2019,YR2019,Malaysia,MYS,14.4144144144144
2019,YR2019,Maldives,MDV,4.59770114942529
2019,YR2019,Mali,MLI,9.52380952380952
2019,YR2019,Malta,MLT,14.9253731343284
2019,YR2019,Marshall Islands,MHL,6.06060606060606
2019,YR2019,Mauritania,MRT,20.2614379084967
2019,YR2019,Mauritius,MUS,20
2019,YR2019,Mexico,MEX,48.2
2019,YR2019,"Micronesia, Fed. Sts.",FSM,0
2019,YR2019,Moldova,MDA,25.7425742574257
2019,YR2019,Monaco,MCO,33.3333333333333
2019,YR2019,Mongolia,MNG,17.3333333333333
2019,YR2019,Montenegro,MNE,28.3950617283951
2019,YR2019,Morocco,MAR,20.5063291139241
2019,YR2019,Mozambique,MOZ,41.2
2019,YR2019,Myanmar,MMR,11.3163972286374
2019,YR2019,Namibia,NAM,42.7083333333333
2019,YR2019,Nauru,NRU,10.5263157894737
2019,YR2019,Nepal,NPL,32.7272727272727
2019,YR2019,Netherlands,NLD,31.3333333333333
2019,YR2019,New Caledonia,NCL,..
2019,YR2019,New Zealand,NZL,40.8333333333333
2019,YR2019,Nicaragua,NIC,44.5652173913043
2019,YR2019,Niger,NER,16.9590643274854
2019,YR2019,Nigeria,NGA,3.38028169014084
2019,YR2019,North Macedonia,MKD,39.1666666666667
2019,YR2019,Northern Mariana Islands,MNP,..
2019,YR2019,Norway,NOR,40.8284023668639
2019,YR2019,Oman,OMN,2.32558139534884
2019,YR2019,Pakistan,PAK,20.2346041055718
2019,YR2019,Palau,PLW,12.5
2019,YR2019,Panama,PAN,21.1267605633803
2019,YR2019,Papua New Guinea,PNG,0
2019,YR2019,Paraguay,PRY,15
2019,YR2019,Peru,PER,30
2019,YR2019,Philippines,PHL,27.9605263157895
2019,YR2019,Poland,POL,28.695652173913
2019,YR2019,Portugal,PRT,38.695652173913
2019,YR2019,Puerto Rico,PRI,..
2019,YR2019,Qatar,QAT,9.75609756097561
2019,YR2019,Romania,ROU,21.8844984802432
2019,YR2019,Russian Federation,RUS,15.7777777777778
2019,YR2019,Rwanda,RWA,61.25
2019,YR2019,Samoa,WSM,10
2019,YR2019,San Marino,SMR,25
2019,YR2019,Sao Tome and Principe,STP,14.5454545454545
2019,YR2019,Saudi Arabia,SAU,19.8675496688742
2019,YR2019,Senegal,SEN,41.8181818181818
2019,YR2019,Serbia,SRB,37.6518218623482
2019,YR2019,Seychelles,SYC,21.2121212121212
2019,YR2019,Sierra Leone,SLE,12.3287671232877
2019,YR2019,Singapore,SGP,23
2019,YR2019,Sint Maarten (Dutch part),SXM,..
2019,YR2019,Slovak Republic,SVK,20
2019,YR2019,Slovenia,SVN,27.7777777777778
2019,YR2019,Solomon Islands,SLB,4.08163265306122
2019,YR2019,Somalia,SOM,24.3636363636364
2019,YR2019,South Africa,ZAF,46.3476070528967
2019,YR2019,South Sudan,SSD,28.4595300261097
2019,YR2019,Spain,ESP,44
2019,YR2019,Sri Lanka,LKA,5.33333333333333
2019,YR2019,St. Kitts and Nevis,KNA,13.3333333333333
2019,YR2019,St. Lucia,LCA,16.6666666666667
2019,YR2019,St. Martin (French part),MAF,..
2019,YR2019,St. Vincent and the Grenadines,VCT,13.0434782608696
2019,YR2019,Sudan,SDN,..
2019,YR2019,Suriname,SUR,31.3725490196078
2019,YR2019,Sweden,SWE,47.2779369627507
2019,YR2019,Switzerland,CHE,41.5
2019,YR2019,Syrian Arab Republic,SYR,13.2
2019,YR2019,Tajikistan,TJK,19.047619047619
2019,YR2019,Tanzania,TZA,36.8956743002545
2019,YR2019,Thailand,THA,16.2
2019,YR2019,Timor-Leste,TLS,38.4615384615385
2019,YR2019,Togo,TGO,16.4835164835165
2019,YR2019,Tonga,TON,7.40740740740741
2019,YR2019,Trinidad and Tobago,TTO,30.952380952381
2019,YR2019,Tunisia,TUN,22.5806451612903
2019,YR2019,Turkey,TUR,17.4496644295302
2019,YR2019,Turkmenistan,TKM,25
2019,YR2019,Turks and Caicos Islands,TCA,..
2019,YR2019,Tuvalu,TUV,6.25
2019,YR2019,Uganda,UGA,34.8583877995643
2019,YR2019,Ukraine,UKR,20.5188679245283
2019,YR2019,United Arab Emirates,ARE,50
2019,YR2019,United Kingdom,GBR,32
2019,YR2019,United States,USA,23.4338747099768
2019,YR2019,Uruguay,URY,19.1919191919192
2019,YR2019,Uzbekistan,UZB,16
2019,YR2019,Vanuatu,VUT,0
2019,YR2019,"Venezuela, RB",VEN,22.1556886227545
2019,YR2019,Vietnam,VNM,26.7206477732794
2019,YR2019,Virgin Islands (U.S.),VIR,..
2019,YR2019,West Bank and Gaza,PSE,..
2019,YR2019,"Yemen, Rep.",YEM,0.332225913621262
2019,YR2019,Zambia,ZMB,17.9640718562874
2019,YR2019,Zimbabwe,ZWE,31.8518518518519
,,,,
,,,,
,,,,
Data from database: Gender Statistics,,,,
Last Updated: 07/02/2020,,,,
